problem_family	n	best_value	source	status	our_problem
3_in_3	1			best_known	1_3_in_3
3_in_3	2			best_known	2_3_in_3
3_in_3	5	1.0		trivial	5_3_in_3
3_in_3	6			best_known	6_3_in_3
3_in_3	7			best_known	7_3_in_3
3_in_3	10	2.977	Maurizio Morandi	trivial	10_3_in_3
3_in_3	11			best_known	11_3_in_3
3_in_3	12			best_known	12_3_in_3
3_in_3	13	3.722	Erich Friedman	best_known	13_3_in_3
3_in_3	14			best_known	14_3_in_3
3_in_3	17			best_known	17_3_in_3
3_in_3	18	4.0	Maurizio Morandi	trivial	18_3_in_3
3_in_3	19			best_known	19_3_in_3
3_in_3	20			best_known	20_3_in_3
3_in_3	21	4.666	Maurizio Morandi	best_known	21_3_in_3
3_in_3	22			best_known	22_3_in_3
3_in_3	23			best_known	23_3_in_3
3_in_3	26	4.996	Maurizio Morandi	trivial	26_3_in_3
3_in_3	27			best_known	27_3_in_3
3_in_3	29			best_known	29_3_in_3
3_in_3	30	5.5	Erich Friedman	best_known	30_3_in_3
3_in_3	31			best_known	31_3_in_3
3_in_3	32			best_known	32_3_in_3
3_in_3	33	5.90766	Thomas Schadt	best_known	33_3_in_3
3_in_3	34			best_known	34_3_in_3
3_in_3	37			best_known	37_3_in_3
3_in_3	38	6.0	Ian Watson	trivial	38_3_in_3
3_in_3	39			best_known	39_3_in_3
3_in_3	41			best_known	41_3_in_3
3_in_3	42	6.5	Erich Friedman	best_known	42_3_in_3
3_in_3	43			best_known	43_3_in_3
3_in_3	44			best_known	44_3_in_3
3_in_3	45	6.833	Emerson Connelly	best_known	45_3_in_3
3_in_3	46			best_known	46_3_in_3
3_in_3	47			best_known	47_3_in_3
3_in_3	50	6.99837	Maurizio Morandi	trivial	50_3_in_3
3_in_4	1			best_known	1_3_in_4
3_in_4	2			best_known	2_3_in_4
3_in_4	3	0.965	Erich Friedman	trivial	3_3_in_4
3_in_4	4			best_known	4_3_in_4
3_in_4	5			best_known	5_3_in_4
3_in_4	6	1.577	Erich Friedman	best_known	6_3_in_4
3_in_4	7			best_known	7_3_in_4
3_in_4	8			best_known	8_3_in_4
3_in_4	9	2.0	Erich Friedman	best_known	9_3_in_4
3_in_4	10			best_known	10_3_in_4
3_in_4	11			best_known	11_3_in_4
3_in_4	12	2.377	David W. Cantrell	best_known	12_3_in_4
3_in_4	13			best_known	13_3_in_4
3_in_4	14			best_known	14_3_in_4
3_in_4	15	2.595	David W. Cantrell	best_known	15_3_in_4
3_in_4	16			best_known	16_3_in_4
3_in_4	17			best_known	17_3_in_4
3_in_4	18	2.9	Ian Watson	best_known	18_3_in_4
3_in_4	19			best_known	19_3_in_4
3_in_4	20			best_known	20_3_in_4
3_in_4	21	3.12929	Jake Loyd	best_known	21_3_in_4
3_in_4	22	3.3757	Ian Watson	best_known	22_3_in_4
3_in_4	23	3.4311	Ian Watson	best_known	23_3_in_4
3_in_4	24	3.4678	Thomas Schadt	best_known	24_3_in_4
3_in_4	25	3.537	David W. Cantrell	best_known	25_3_in_4
3_in_4	26	3.575	Maurizio Morandi	best_known	26_3_in_4
3_in_4	27	3.6726	Ian Watson	best_known	27_3_in_4
3_in_4	28	3.75707	Jake Loyd	best_known	28_3_in_4
3_in_4	29	3.81711	Jake Loyd	best_known	29_3_in_4
3_in_4	30	3.86619	Jake Loyd	best_known	30_3_in_4
3_in_4	31	3.93107	Jake Loyd	best_known	31_3_in_4
3_in_4	32	3.9788	Jake Loyd	best_known	32_3_in_4
3_in_4	33	4.05164	Jake Loyd	best_known	33_3_in_4
3_in_4	34	4.09088	Jake Loyd	best_known	34_3_in_4
3_in_4	35	4.14123	Jake Loyd	best_known	35_3_in_4
3_in_4	36	4.20791	Jake Loyd	best_known	36_3_in_4
3_in_4	37	4.2688	Jake Loyd	best_known	37_3_in_4
3_in_4	38	4.32018	Jake Loyd	best_known	38_3_in_4
3_in_4	39	4.36792	Jake Loyd	best_known	39_3_in_4
3_in_4	40	4.41058	Jake Loyd	best_known	40_3_in_4
3_in_4	41	4.46446	Jake Loyd	best_known	41_3_in_4
3_in_4	42	4.51177	Thomas Schadt	best_known	42_3_in_4
3_in_4	43	4.55035	Thomas Schadt	best_known	43_3_in_4
3_in_4	44	4.60023	Thomas Schadt	best_known	44_3_in_4
3_in_4	45	4.67749	Thomas Schadt	best_known	45_3_in_4
3_in_4	46	4.72965	Thomas Schadt	best_known	46_3_in_4
3_in_4	47	4.78204	Thomas Schadt	best_known	47_3_in_4
3_in_4	48	4.82632	Thomas Schadt	best_known	48_3_in_4
3_in_5	1			best_known	1_3_in_5
3_in_5	2			best_known	2_3_in_5
3_in_5	3	0.781	Maurizio Morandi	trivial	3_3_in_5
3_in_5	4			best_known	4_3_in_5
3_in_5	5			best_known	5_3_in_5
3_in_5	6	1.199	Maurizio Morandi	best_known	6_3_in_5
3_in_5	7			best_known	7_3_in_5
3_in_5	8			best_known	8_3_in_5
3_in_5	9	1.581	David W. Cantrell	proved_optimal	9_3_in_5
3_in_5	10			best_known	10_3_in_5
3_in_5	11			best_known	11_3_in_5
3_in_5	12	1.815	Timo Berthold et al	best_known	12_3_in_5
3_in_5	13			best_known	13_3_in_5
3_in_5	14			best_known	14_3_in_5
3_in_5	15	2.017	Timo Berthold et al	best_known	15_3_in_5
3_in_5	16			best_known	16_3_in_5
3_in_5	17			best_known	17_3_in_5
3_in_5	18	2.17596	Jake Loyd	best_known	18_3_in_5
3_in_5	19			best_known	19_3_in_5
3_in_5	20			best_known	20_3_in_5
3_in_5	21	2.344	Ignacio Vallejo	best_known	21_3_in_5
3_in_5	22			best_known	22_3_in_5
3_in_5	23			best_known	23_3_in_5
3_in_5	24	2.5674	Ian Watson	best_known	24_3_in_5
3_in_5	25			best_known	25_3_in_5
3_in_5	26			best_known	26_3_in_5
3_in_5	27	2.7186	Jake Loyd	best_known	27_3_in_5
3_in_5	28			best_known	28_3_in_5
3_in_5	29			best_known	29_3_in_5
3_in_5	30	2.868	Ignacio Vallejo	best_known	30_3_in_5
3_in_5	31			best_known	31_3_in_5
3_in_5	32			best_known	32_3_in_5
3_in_5	33	2.98366	Jake Loyd	best_known	33_3_in_5
3_in_5	34			best_known	34_3_in_5
3_in_5	35			best_known	35_3_in_5
3_in_5	36	3.114	Emerson Connelly	best_known	36_3_in_5
3_in_5	37			best_known	37_3_in_5
3_in_5	38			best_known	38_3_in_5
3_in_5	39	3.2112	Jake Loyd	best_known	39_3_in_5
3_in_5	40			best_known	40_3_in_5
3_in_5	41			best_known	41_3_in_5
3_in_5	42	3.32605	Jake Loyd	best_known	42_3_in_5
3_in_5	43			best_known	43_3_in_5
3_in_5	44			best_known	44_3_in_5
3_in_5	45	3.46441	Thomas Greenleaf	best_known	45_3_in_5
3_in_5	46			best_known	46_3_in_5
3_in_5	47			best_known	47_3_in_5
3_in_5	48	3.61491	Emerson Connelly	best_known	48_3_in_5
3_in_5	49			best_known	49_3_in_5
3_in_5	50	3.72296	Emerson Connelly	best_known	50_3_in_5
3_in_6	1			best_known	1_3_in_6
3_in_6	2			best_known	2_3_in_6
3_in_6	3	0.577	Erich Friedman	trivial	3_3_in_6
3_in_6	4			best_known	4_3_in_6
3_in_6	5			best_known	5_3_in_6
3_in_6	6	1.0		trivial	6_3_in_6
3_in_6	7			best_known	7_3_in_6
3_in_6	8			best_known	8_3_in_6
3_in_6	9	1.277	David W. Cantrell	best_known	9_3_in_6
3_in_6	10			best_known	10_3_in_6
3_in_6	11			best_known	11_3_in_6
3_in_6	12	1.497	Timo Berthold et al	best_known	12_3_in_6
3_in_6	13			best_known	13_3_in_6
3_in_6	14			best_known	14_3_in_6
3_in_6	15	1.663829	Ian Watson	best_known	15_3_in_6
3_in_6	16			best_known	16_3_in_6
3_in_6	17			best_known	17_3_in_6
3_in_6	18	1.8	Maurizio Morandi	best_known	18_3_in_6
3_in_6	19			best_known	19_3_in_6
3_in_6	20			best_known	20_3_in_6
3_in_6	21	1.953	Alex Adrián Nieto	best_known	21_3_in_6
3_in_6	22			best_known	22_3_in_6
3_in_6	25			best_known	25_3_in_6
3_in_6	26	2.0	Ignacio Vallejo	trivial	26_3_in_6
3_in_6	27			best_known	27_3_in_6
3_in_6	28			best_known	28_3_in_6
3_in_6	29	2.29541	Ian Watson	best_known	29_3_in_6
3_in_6	30			best_known	30_3_in_6
3_in_6	31			best_known	31_3_in_6
3_in_6	32	2.375	Ignacio Vallejo	best_known	32_3_in_6
3_in_6	33			best_known	33_3_in_6
3_in_6	34			best_known	34_3_in_6
3_in_6	36	2.49038	Jake Loyd	best_known	36_3_in_6
3_in_6	37			best_known	37_3_in_6
3_in_6	38			best_known	38_3_in_6
3_in_6	39	2.61436	Jake Loyd	best_known	39_3_in_6
3_in_6	40			best_known	40_3_in_6
3_in_6	41			best_known	41_3_in_6
3_in_6	42	2.71131	Jake Loyd	best_known	42_3_in_6
3_in_6	43			best_known	43_3_in_6
3_in_6	44			best_known	44_3_in_6
3_in_6	46	2.8	Thomas Greenleaf	best_known	46_3_in_6
3_in_6	47			best_known	47_3_in_6
3_in_6	48			best_known	48_3_in_6
3_in_6	49	2.917	Emerson Connelly	best_known	49_3_in_6
3_in_6	50	3.0		trivial	50_3_in_6
3_in_8	1			best_known	1_3_in_8
3_in_8	2			best_known	2_3_in_8
3_in_8	3	0.4647	Ignacio Vallejo	trivial	3_3_in_8
3_in_8	4			best_known	4_3_in_8
3_in_8	5			best_known	5_3_in_8
3_in_8	6	0.77731	Timo Berthold et al	best_known	6_3_in_8
3_in_8	7			best_known	7_3_in_8
3_in_8	8			best_known	8_3_in_8
3_in_8	9	0.92453	Ignacio Vallejo	best_known	9_3_in_8
3_in_8	10			best_known	10_3_in_8
3_in_8	11			best_known	11_3_in_8
3_in_8	12	1.07515	Jake Loyd	best_known	12_3_in_8
3_in_8	13			best_known	13_3_in_8
3_in_8	14			best_known	14_3_in_8
3_in_8	15	1.23726	Jake Loyd	best_known	15_3_in_8
3_in_8	16			best_known	16_3_in_8
3_in_8	17			best_known	17_3_in_8
3_in_8	18	1.34566	Jake Loyd	best_known	18_3_in_8
3_in_8	19			best_known	19_3_in_8
3_in_8	20			best_known	20_3_in_8
3_in_8	21	1.46678	Jake Loyd	best_known	21_3_in_8
3_in_8	22			best_known	22_3_in_8
3_in_8	23			best_known	23_3_in_8
3_in_8	24	1.55435	Jake Loyd	best_known	24_3_in_8
3_in_8	25			best_known	25_3_in_8
3_in_8	26			best_known	26_3_in_8
3_in_8	27	1.63703	Jake Loyd	best_known	27_3_in_8
3_in_8	28			best_known	28_3_in_8
3_in_8	29			best_known	29_3_in_8
3_in_8	30	1.73796	Jake Loyd	best_known	30_3_in_8
3_in_8	31			best_known	31_3_in_8
3_in_8	32	1.80341	Thomas Greenleaf	best_known	32_3_in_8
3_in_CIRCLE	1			best_known	1_3_in_CIRCLE
3_in_CIRCLE	2			best_known	2_3_in_CIRCLE
3_in_CIRCLE	3	0.577	Erich Friedman	trivial	3_3_in_CIRCLE
3_in_CIRCLE	4			best_known	4_3_in_CIRCLE
3_in_CIRCLE	5			best_known	5_3_in_CIRCLE
3_in_CIRCLE	6	0.98	Erich Friedman	trivial	6_3_in_CIRCLE
3_in_CIRCLE	7			best_known	7_3_in_CIRCLE
3_in_CIRCLE	8			best_known	8_3_in_CIRCLE
3_in_CIRCLE	9	1.152	Erich Friedman	best_known	9_3_in_CIRCLE
3_in_CIRCLE	10			best_known	10_3_in_CIRCLE
3_in_CIRCLE	11			best_known	11_3_in_CIRCLE
3_in_CIRCLE	12	1.38468	Jonathan Viquerat	best_known	12_3_in_CIRCLE
3_in_CIRCLE	13			best_known	13_3_in_CIRCLE
3_in_CIRCLE	14			best_known	14_3_in_CIRCLE
3_in_CIRCLE	15	1.527	Erich Friedman	best_known	15_3_in_CIRCLE
3_in_CIRCLE	16			best_known	16_3_in_CIRCLE
3_in_CIRCLE	17			best_known	17_3_in_CIRCLE
3_in_CIRCLE	18	1.687	Maurizio Morandi	best_known	18_3_in_CIRCLE
3_in_CIRCLE	19			best_known	19_3_in_CIRCLE
3_in_CIRCLE	20			best_known	20_3_in_CIRCLE
3_in_CIRCLE	21	1.825	Haym Hirsh	best_known	21_3_in_CIRCLE
3_in_CIRCLE	22			best_known	22_3_in_CIRCLE
3_in_CIRCLE	23			best_known	23_3_in_CIRCLE
3_in_CIRCLE	24	1.943	Maurizio Morandi	trivial	24_3_in_CIRCLE
3_in_CIRCLE	25			best_known	25_3_in_CIRCLE
3_in_CIRCLE	26			best_known	26_3_in_CIRCLE
3_in_CIRCLE	27	2.055	David W. Cantrell	best_known	27_3_in_CIRCLE
3_in_CIRCLE	28			best_known	28_3_in_CIRCLE
3_in_CIRCLE	29			best_known	29_3_in_CIRCLE
3_in_CIRCLE	30	2.18806	Jake Loyd	best_known	30_3_in_CIRCLE
3_in_CIRCLE	31	2.272	Maurizio Morandi	best_known	31_3_in_CIRCLE
3_in_DOMINO	3		Jonathan Viquerat	best_known	3_3_in_DOMINO
3_in_DOMINO	4		Jonathan Viquerat	best_known	4_3_in_DOMINO
3_in_DOMINO	5		Jonathan Viquerat	best_known	5_3_in_DOMINO
3_in_DOMINO	6		Jonathan Viquerat	best_known	6_3_in_DOMINO
3_in_DOMINO	7		Jonathan Viquerat	best_known	7_3_in_DOMINO
3_in_DOMINO	8		Jonathan Viquerat	best_known	8_3_in_DOMINO
3_in_DOMINO	9		Jonathan Viquerat	best_known	9_3_in_DOMINO
3_in_DOMINO	10		Jonathan Viquerat	best_known	10_3_in_DOMINO
3_in_DOMINO	11		Jonathan Viquerat	best_known	11_3_in_DOMINO
3_in_DOMINO	12		Jonathan Viquerat	best_known	12_3_in_DOMINO
3_in_DOMINO	13		Jonathan Viquerat	best_known	13_3_in_DOMINO
3_in_DOMINO	14		Jonathan Viquerat	best_known	14_3_in_DOMINO
3_in_DOMINO	15		Jonathan Viquerat	best_known	15_3_in_DOMINO
3_in_DOMINO	16		Jonathan Viquerat	best_known	16_3_in_DOMINO
3_in_DOMINO	17		Jonathan Viquerat	best_known	17_3_in_DOMINO
3_in_DOMINO	18		Jonathan Viquerat	best_known	18_3_in_DOMINO
3_in_DOMINO	19		Thomas Greenleaf	best_known	19_3_in_DOMINO
3_in_DOMINO	20		Jonathan Viquerat	best_known	20_3_in_DOMINO
3_in_DOMINO	21		Thomas Greenleaf	best_known	21_3_in_DOMINO
3_in_DOMINO	22		Thomas Greenleaf	best_known	22_3_in_DOMINO
3_in_L	1			best_known	1_3_in_L
3_in_L	2			best_known	2_3_in_L
3_in_L	4	0.61237	Jonathan Viquerat	trivial	4_3_in_L
3_in_L	5			best_known	5_3_in_L
3_in_L	6			best_known	6_3_in_L
3_in_L	7	1.0	Jonathan Viquerat	best_known	7_3_in_L
3_in_L	8			best_known	8_3_in_L
3_in_L	9			best_known	9_3_in_L
3_in_L	10	1.27527	Jonathan Viquerat	best_known	10_3_in_L
3_in_L	11			best_known	11_3_in_L
3_in_L	12			best_known	12_3_in_L
3_in_L	13	1.46116	Jonathan Viquerat	best_known	13_3_in_L
3_in_L	14			best_known	14_3_in_L
3_in_L	15			best_known	15_3_in_L
3_in_L	16	1.62225	Jonathan Viquerat	best_known	16_3_in_L
3_in_L	17			best_known	17_3_in_L
3_in_L	18			best_known	18_3_in_L
3_in_L	19	1.73204	Jonathan Viquerat	best_known	19_3_in_L
3_in_L	20	1.86706	Jonathan Viquerat	best_known	20_3_in_L
3_in_TAN	1			trivial	1_3_in_TAN
3_in_TAN	2			trivial	2_3_in_TAN
3_in_TAN	3			trivial	3_3_in_TAN
3_in_TAN	4		Jonathan Viquerat	best_known	4_3_in_TAN
3_in_TAN	5		Jonathan Viquerat	best_known	5_3_in_TAN
3_in_TAN	6		Jonathan Viquerat	best_known	6_3_in_TAN
3_in_TAN	7		Jonathan Viquerat	best_known	7_3_in_TAN
3_in_TAN	8		Jonathan Viquerat	best_known	8_3_in_TAN
3_in_TAN	9		Jonathan Viquerat	best_known	9_3_in_TAN
3_in_TAN	10		Jonathan Viquerat	best_known	10_3_in_TAN
3_in_TAN	11		Jonathan Viquerat	best_known	11_3_in_TAN
3_in_TAN	12		Jonathan Viquerat	best_known	12_3_in_TAN
3_in_TAN	13		Jonathan Viquerat	best_known	13_3_in_TAN
3_in_TAN	14		Jonathan Viquerat	best_known	14_3_in_TAN
3_in_TAN	15		Thomas Greenleaf	best_known	15_3_in_TAN
3_in_TAN	16		Thomas Greenleaf	best_known	16_3_in_TAN
3_in_TAN	17		Jonathan Viquerat	best_known	17_3_in_TAN
3_in_TAN	18		Thomas Greenleaf	best_known	18_3_in_TAN
3_in_TAN	19		Thomas Greenleaf	best_known	19_3_in_TAN
3_in_TAN	20		Thomas Greenleaf	best_known	20_3_in_TAN
3_in_TAN	21		Thomas Greenleaf	best_known	21_3_in_TAN
3_in_TAN	23		Thomas Greenleaf	best_known	23_3_in_TAN
4_in_3	1			best_known	1_4_in_3
4_in_3	2			best_known	2_4_in_3
4_in_3	3	2.154	Erich Friedman	trivial	3_4_in_3
4_in_3	4			best_known	4_4_in_3
4_in_3	5			best_known	5_4_in_3
4_in_3	7	4.154	Erich Friedman	best_known	7_4_in_3
4_in_3	8			best_known	8_4_in_3
4_in_3	9			best_known	9_4_in_3
4_in_3	10	5.301	David W. Cantrell	best_known	10_4_in_3
4_in_3	11			best_known	11_4_in_3
4_in_3	12			best_known	12_4_in_3
4_in_3	13	6.154	Erich Friedman	best_known	13_4_in_3
4_in_3	14			best_known	14_4_in_3
4_in_3	16			best_known	16_4_in_3
4_in_3	17	6.464	Erich Friedman	best_known	17_4_in_3
4_in_3	18			best_known	18_4_in_3
4_in_3	19			best_known	19_4_in_3
4_in_3	20	7.309	Erich Friedman	best_known	20_4_in_3
4_in_3	22			best_known	22_4_in_3
4_in_3	23			best_known	23_4_in_3
4_in_3	24	8.15259	Markus Vesterinen	best_known	24_4_in_3
4_in_3	25			best_known	25_4_in_3
4_in_3	26			best_known	26_4_in_3
4_in_3	28	8.464	Erich Friedman	best_known	28_4_in_3
4_in_3	29			best_known	29_4_in_3
4_in_3	30			best_known	30_4_in_3
4_in_3	31	9.154	Erich Friedman	best_known	31_4_in_3
4_in_3	32			best_known	32_4_in_3
4_in_3	33			best_known	33_4_in_3
4_in_3	35	9.464	Erich Friedman	best_known	35_4_in_3
4_in_3	37			best_known	37_4_in_3
4_in_3	38			best_known	38_4_in_3
4_in_3	39	10.15299	Gianluca Costantino	best_known	39_4_in_3
4_in_3	40	10.46426	Nathan Roll	best_known	40_4_in_3
4_in_5	1			best_known	1_4_in_5
4_in_5	2			best_known	2_4_in_5
4_in_5	3	0.936	Erich Friedman	trivial	3_4_in_5
4_in_5	4			best_known	4_4_in_5
4_in_5	5			best_known	5_4_in_5
4_in_5	6	1.861	Maurizio Morandi	best_known	6_4_in_5
4_in_5	7			best_known	7_4_in_5
4_in_5	8			best_known	8_4_in_5
4_in_5	9	2.421	Erich Friedman	best_known	9_4_in_5
4_in_5	10			best_known	10_4_in_5
4_in_5	11			best_known	11_4_in_5
4_in_5	12	2.793	Timo Berthold et al	best_known	12_4_in_5
4_in_5	13			best_known	13_4_in_5
4_in_5	14			best_known	14_4_in_5
4_in_5	15	3.12074	Jake Loyd	best_known	15_4_in_5
4_in_5	16			best_known	16_4_in_5
4_in_5	17			best_known	17_4_in_5
4_in_5	18	3.47851	Jonathan Viquerat	best_known	18_4_in_5
4_in_5	19			best_known	19_4_in_5
4_in_5	20			best_known	20_4_in_5
4_in_5	21	3.70918	Jake Loyd	best_known	21_4_in_5
4_in_5	22			best_known	22_4_in_5
4_in_5	23			best_known	23_4_in_5
4_in_5	24	3.93347	Jake Loyd	best_known	24_4_in_5
4_in_5	25			best_known	25_4_in_5
4_in_5	26			best_known	26_4_in_5
4_in_5	27	4.16727	Jake Loyd	best_known	27_4_in_5
4_in_5	28			best_known	28_4_in_5
4_in_5	29			best_known	29_4_in_5
4_in_5	30	4.41576	Jake Loyd	best_known	30_4_in_5
4_in_5	31			best_known	31_4_in_5
4_in_5	32			best_known	32_4_in_5
4_in_5	33	4.62404	Jake Loyd	best_known	33_4_in_5
4_in_5	34			best_known	34_4_in_5
4_in_5	35			best_known	35_4_in_5
4_in_5	36	4.81345	Jake Loyd	best_known	36_4_in_5
4_in_5	37			best_known	37_4_in_5
4_in_5	38			best_known	38_4_in_5
4_in_5	39	4.97801	Jake Loyd	best_known	39_4_in_5
4_in_5	40	5.16849	Jake Loyd	best_known	40_4_in_5
4_in_6	1			best_known	1_4_in_6
4_in_6	2			best_known	2_4_in_6
4_in_6	3	0.778	Maurizio Morandi	trivial	3_4_in_6
4_in_6	4			best_known	4_4_in_6
4_in_6	5			best_known	5_4_in_6
4_in_6	6	1.519	Maurizio Morandi	trivial	6_4_in_6
4_in_6	7			best_known	7_4_in_6
4_in_6	8			best_known	8_4_in_6
4_in_6	9	1.861	Maurizio Morandi	best_known	9_4_in_6
4_in_6	10			best_known	10_4_in_6
4_in_6	11			best_known	11_4_in_6
4_in_6	12	2.309	Jonathan Viquerat	trivial	12_4_in_6
4_in_6	13			best_known	13_4_in_6
4_in_6	14			best_known	14_4_in_6
4_in_6	15	2.572	Maurizio Morandi	best_known	15_4_in_6
4_in_6	16			best_known	16_4_in_6
4_in_6	17			best_known	17_4_in_6
4_in_6	18	2.82002	Spencer Leach	best_known	18_4_in_6
4_in_6	19			best_known	19_4_in_6
4_in_6	20			best_known	20_4_in_6
4_in_6	21	2.93511	Ian Watson	best_known	21_4_in_6
4_in_6	22			best_known	22_4_in_6
4_in_6	23			best_known	23_4_in_6
4_in_6	24	3.31432	Jake Loyd	best_known	24_4_in_6
4_in_6	25			best_known	25_4_in_6
4_in_6	26			best_known	26_4_in_6
4_in_6	27	3.4641	Jake Loyd	trivial	27_4_in_6
4_in_6	28			best_known	28_4_in_6
4_in_6	29			best_known	29_4_in_6
4_in_6	30	3.61979	Jake Loyd	best_known	30_4_in_6
4_in_6	31			best_known	31_4_in_6
4_in_6	32			best_known	32_4_in_6
4_in_6	33	3.78143	Jake Loyd	best_known	33_4_in_6
4_in_6	34			best_known	34_4_in_6
4_in_6	35			best_known	35_4_in_6
4_in_6	36	3.91853	Jake Loyd	best_known	36_4_in_6
4_in_6	37			best_known	37_4_in_6
4_in_6	38			best_known	38_4_in_6
4_in_6	39	4.04145	Jake Loyd	trivial	39_4_in_6
4_in_6	40	4.30173	Jake Loyd	best_known	40_4_in_6
4_in_8	1			best_known	1_4_in_8
4_in_8	2			best_known	2_4_in_8
4_in_8	3	0.54119	Maurizio Morandi	trivial	3_4_in_8
4_in_8	4			best_known	4_4_in_8
4_in_8	5			best_known	5_4_in_8
4_in_8	6	1.08239	Maurizio Morandi	trivial	6_4_in_8
4_in_8	7			best_known	7_4_in_8
4_in_8	8			best_known	8_4_in_8
4_in_8	9	1.4369	Maurizio Morandi	trivial	9_4_in_8
4_in_8	10			best_known	10_4_in_8
4_in_8	11			best_known	11_4_in_8
4_in_8	12	1.68171	Timo Berthold et al	best_known	12_4_in_8
4_in_8	13			best_known	13_4_in_8
4_in_8	14			best_known	14_4_in_8
4_in_8	15	1.89674	Grant Mowry	best_known	15_4_in_8
4_in_8	16			best_known	16_4_in_8
4_in_8	18			best_known	18_4_in_8
4_in_8	19	2.07106	Timo Berthold et al	trivial	19_4_in_8
4_in_8	20			best_known	20_4_in_8
4_in_8	21			best_known	21_4_in_8
4_in_8	22	2.28598	Jake Loyd	best_known	22_4_in_8
4_in_8	23			best_known	23_4_in_8
4_in_8	24			best_known	24_4_in_8
4_in_8	25	2.46879	Jake Loyd	trivial	25_4_in_8
4_in_8	26			best_known	26_4_in_8
4_in_8	27			best_known	27_4_in_8
4_in_8	28	2.52711	Jake Loyd	best_known	28_4_in_8
4_in_8	29			best_known	29_4_in_8
4_in_8	30	2.70553	Jake Loyd	best_known	30_4_in_8
4_in_CIRCLE	1			best_known	1_4_in_CIRCLE
4_in_CIRCLE	2			best_known	2_4_in_CIRCLE
4_in_CIRCLE	3	0.707	Erich Friedman	trivial	3_4_in_CIRCLE
4_in_CIRCLE	4			best_known	4_4_in_CIRCLE
4_in_CIRCLE	5			best_known	5_4_in_CIRCLE
4_in_CIRCLE	6	1.414	Erich Friedman	best_known	6_4_in_CIRCLE
4_in_CIRCLE	7			best_known	7_4_in_CIRCLE
4_in_CIRCLE	8			best_known	8_4_in_CIRCLE
4_in_CIRCLE	9	1.802	Erich Friedman	best_known	9_4_in_CIRCLE
4_in_CIRCLE	10			best_known	10_4_in_CIRCLE
4_in_CIRCLE	11			best_known	11_4_in_CIRCLE
4_in_CIRCLE	12	2.121	Erich Friedman	best_known	12_4_in_CIRCLE
4_in_CIRCLE	13			best_known	13_4_in_CIRCLE
4_in_CIRCLE	14			best_known	14_4_in_CIRCLE
4_in_CIRCLE	15	2.3607	David W. Cantrell	best_known	15_4_in_CIRCLE
4_in_CIRCLE	16			best_known	16_4_in_CIRCLE
4_in_CIRCLE	17			best_known	17_4_in_CIRCLE
4_in_CIRCLE	18	2.623	Erich Friedman	best_known	18_4_in_CIRCLE
4_in_CIRCLE	19			best_known	19_4_in_CIRCLE
4_in_CIRCLE	20			best_known	20_4_in_CIRCLE
4_in_CIRCLE	21	2.8015	Milan Kovacic	best_known	21_4_in_CIRCLE
4_in_CIRCLE	22			best_known	22_4_in_CIRCLE
4_in_CIRCLE	23			best_known	23_4_in_CIRCLE
4_in_CIRCLE	24	3.03274	Milan Kovacic	best_known	24_4_in_CIRCLE
4_in_CIRCLE	25			best_known	25_4_in_CIRCLE
4_in_CIRCLE	26			best_known	26_4_in_CIRCLE
4_in_CIRCLE	27	3.175	David W. Cantrell	best_known	27_4_in_CIRCLE
4_in_CIRCLE	28			best_known	28_4_in_CIRCLE
4_in_CIRCLE	29			best_known	29_4_in_CIRCLE
4_in_CIRCLE	30	3.33147	Milan Kovacic	best_known	30_4_in_CIRCLE
4_in_CIRCLE	31			best_known	31_4_in_CIRCLE
4_in_CIRCLE	32			best_known	32_4_in_CIRCLE
4_in_CIRCLE	33	3.53381	Milan Kovacic	best_known	33_4_in_CIRCLE
4_in_CIRCLE	34			best_known	34_4_in_CIRCLE
4_in_CIRCLE	35	3.629	Maurizio Morandi	best_known	35_4_in_CIRCLE
4_in_DOMINO	3			trivial	3_4_in_DOMINO
4_in_DOMINO	4		Evert Stenlund	best_known	4_4_in_DOMINO
4_in_DOMINO	9		Evert Stenlund	best_known	9_4_in_DOMINO
4_in_DOMINO	10			trivial	10_4_in_DOMINO
4_in_DOMINO	11		Evert Stenlund	best_known	11_4_in_DOMINO
4_in_DOMINO	12		Maurizio Morandi	best_known	12_4_in_DOMINO
4_in_DOMINO	13		David W. Cantrell	best_known	13_4_in_DOMINO
4_in_DOMINO	19		Maurizio Morandi	best_known	19_4_in_DOMINO
4_in_DOMINO	22		David W. Cantrell	best_known	22_4_in_DOMINO
4_in_DOMINO	23		Thomas Greenleaf	best_known	23_4_in_DOMINO
4_in_DOMINO	24		David W. Cantrell	best_known	24_4_in_DOMINO
4_in_DOMINO	25		David W. Cantrell	best_known	25_4_in_DOMINO
4_in_DOMINO	26		David W. Cantrell	best_known	26_4_in_DOMINO
4_in_DOMINO	33		Maurizio Morandi	best_known	33_4_in_DOMINO
4_in_DOMINO	34		David W. Cantrell	best_known	34_4_in_DOMINO
4_in_DOMINO	37		Maurizio Morandi	best_known	37_4_in_DOMINO
4_in_DOMINO	38		Maurizio Morandi	best_known	38_4_in_DOMINO
4_in_DOMINO	39		David W. Cantrell	best_known	39_4_in_DOMINO
4_in_DOMINO	40		Sigvart Brendberg	best_known	40_4_in_DOMINO
4_in_DOMINO	41		Sigvart Brendberg	best_known	41_4_in_DOMINO
4_in_DOMINO	42		David W. Cantrell	best_known	42_4_in_DOMINO
4_in_L	1			best_known	1_4_in_L
4_in_L	4			best_known	4_4_in_L
4_in_L	6	2.0	David W. Cantrell	trivial	6_4_in_L
4_in_L	7			best_known	7_4_in_L
4_in_L	8			best_known	8_4_in_L
4_in_L	13	3.914	Erich Friedman	trivial	13_4_in_L
4_in_L	14			best_known	14_4_in_L
4_in_L	15			best_known	15_4_in_L
4_in_L	17	4.98674	Jonathan Viquerat	trivial	17_4_in_L
4_in_L	18			best_known	18_4_in_L
4_in_L	19			best_known	19_4_in_L
4_in_L	20	5.609	Erich Friedman	best_known	20_4_in_L
4_in_L	21			best_known	21_4_in_L
4_in_L	28			best_known	28_4_in_L
4_in_L	29	6.0	Maurizio Morandi	trivial	29_4_in_L
4_in_L	30			best_known	30_4_in_L
4_in_L	34			best_known	34_4_in_L
4_in_L	35	7.0	Joe DeVincentis	trivial	35_4_in_L
4_in_L	36	7.73	Joe DeVincentis	best_known	36_4_in_L
4_in_TAN	1			best_known	1_4_in_TAN
4_in_TAN	2			best_known	2_4_in_TAN
4_in_TAN	3	2.0		trivial	3_4_in_TAN
4_in_TAN	4			best_known	4_4_in_TAN
4_in_TAN	5			best_known	5_4_in_TAN
4_in_TAN	6	3.535	Erich Friedman	trivial	6_4_in_TAN
4_in_TAN	7			best_known	7_4_in_TAN
4_in_TAN	8			best_known	8_4_in_TAN
4_in_TAN	9	4.414	Erich Friedman	best_known	9_4_in_TAN
4_in_TAN	10			best_known	10_4_in_TAN
4_in_TAN	11			best_known	11_4_in_TAN
4_in_TAN	12	5.0	Erich Friedman	trivial	12_4_in_TAN
4_in_TAN	13			best_known	13_4_in_TAN
4_in_TAN	14			best_known	14_4_in_TAN
4_in_TAN	15	5.828	Erich Friedman	trivial	15_4_in_TAN
4_in_TAN	16			best_known	16_4_in_TAN
4_in_TAN	17			best_known	17_4_in_TAN
4_in_TAN	18	6.363	Erich Friedman	best_known	18_4_in_TAN
4_in_TAN	19			best_known	19_4_in_TAN
4_in_TAN	20			best_known	20_4_in_TAN
4_in_TAN	21	6.949	David W. Cantrell	trivial	21_4_in_TAN
4_in_TAN	22			best_known	22_4_in_TAN
4_in_TAN	23			best_known	23_4_in_TAN
4_in_TAN	24	7.363	Erich Friedman	best_known	24_4_in_TAN
4_in_TAN	25			best_known	25_4_in_TAN
4_in_TAN	26			best_known	26_4_in_TAN
4_in_TAN	28	7.778	Erich Friedman	trivial	28_4_in_TAN
5_in_3	1			best_known	1_5_in_3
5_in_3	2			best_known	2_5_in_3
5_in_3	3	2.71621	Ethan Riddle and	trivial	3_5_in_3
5_in_3	4			best_known	4_5_in_3
5_in_3	5			best_known	5_5_in_3
5_in_3	6	5.21983	Jonathan Viquerat	best_known	6_5_in_3
5_in_3	7			best_known	7_5_in_3
5_in_3	8			best_known	8_5_in_3
5_in_3	9	6.50034	Jonathan Viquerat	best_known	9_5_in_3
5_in_3	10			best_known	10_5_in_3
5_in_3	11			best_known	11_5_in_3
5_in_3	12	7.1724	Jonathan Viquerat	best_known	12_5_in_3
5_in_3	13			best_known	13_5_in_3
5_in_3	14			best_known	14_5_in_3
5_in_3	15	8.37807	Jonathan Viquerat	best_known	15_5_in_3
5_in_3	16			best_known	16_5_in_3
5_in_3	17			best_known	17_5_in_3
5_in_3	18	9.29702	Jonathan Viquerat	best_known	18_5_in_3
5_in_3	19			best_known	19_5_in_3
5_in_3	20			best_known	20_5_in_3
5_in_3	21	9.92571	Thomas Greenleaf	best_known	21_5_in_3
5_in_3	22			best_known	22_5_in_3
5_in_3	23			best_known	23_5_in_3
5_in_3	24	10.75818	Jake Loyd	best_known	24_5_in_3
5_in_3	25			best_known	25_5_in_3
5_in_3	26			best_known	26_5_in_3
5_in_3	27	11.32392	Jake Loyd	best_known	27_5_in_3
5_in_3	28			best_known	28_5_in_3
5_in_3	29			best_known	29_5_in_3
5_in_3	30	11.69576	Mohamed Metwalli	best_known	30_5_in_3
5_in_4	1			best_known	1_5_in_4
5_in_4	2			best_known	2_5_in_4
5_in_4	3	1.59811	Jonathan Viquerat	trivial	3_5_in_4
5_in_4	4			best_known	4_5_in_4
5_in_4	5			best_known	5_5_in_4
5_in_4	6	3.10252	Jonathan Viquerat	best_known	6_5_in_4
5_in_4	7			best_known	7_5_in_4
5_in_4	8			best_known	8_5_in_4
5_in_4	9	4.18037	Nicolas Campailla	best_known	9_5_in_4
5_in_4	10			best_known	10_5_in_4
5_in_4	11			best_known	11_5_in_4
5_in_4	12	4.90581	Jonathan Viquerat	best_known	12_5_in_4
5_in_4	13			best_known	13_5_in_4
5_in_4	14			best_known	14_5_in_4
5_in_4	15	5.52102	Jake Loyd	best_known	15_5_in_4
5_in_4	16			best_known	16_5_in_4
5_in_4	17			best_known	17_5_in_4
5_in_4	18	6.06452	Timo Berthold et al	best_known	18_5_in_4
5_in_4	19			best_known	19_5_in_4
5_in_4	20			best_known	20_5_in_4
5_in_4	21	6.55781	Jake Loyd	best_known	21_5_in_4
5_in_4	22			best_known	22_5_in_4
5_in_4	23			best_known	23_5_in_4
5_in_4	24	7.04446	Jake Loyd	best_known	24_5_in_4
5_in_4	25	7.4536	Jake Loyd	best_known	25_5_in_4
5_in_5	1			best_known	1_5_in_5
5_in_5	2			best_known	2_5_in_5
5_in_5	3	1.0	Jonathan Viquerat	trivial	3_5_in_5
5_in_5	4			best_known	4_5_in_5
5_in_5	5			best_known	5_5_in_5
5_in_5	7	2.44719	Jonathan Viquerat	trivial	7_5_in_5
5_in_5	8			best_known	8_5_in_5
5_in_5	9			best_known	9_5_in_5
5_in_5	10	3.33514	Jonathan Viquerat	best_known	10_5_in_5
5_in_5	11			best_known	11_5_in_5
5_in_5	12			best_known	12_5_in_5
5_in_5	13	3.79704	Jonathan Viquerat	best_known	13_5_in_5
5_in_5	14			best_known	14_5_in_5
5_in_5	15			best_known	15_5_in_5
5_in_5	16	4.21111	Grant Mowry	trivial	16_5_in_5
5_in_5	17			best_known	17_5_in_5
5_in_5	18			best_known	18_5_in_5
5_in_5	19	4.65543	Timo Berthold et al	best_known	19_5_in_5
5_in_5	20			best_known	20_5_in_5
5_in_5	21			best_known	21_5_in_5
5_in_5	22	5.03404	Jake Loyd	best_known	22_5_in_5
5_in_5	23			best_known	23_5_in_5
5_in_5	24			best_known	24_5_in_5
5_in_5	25	5.34696	Jake Loyd	best_known	25_5_in_5
5_in_5	26	5.675	Emanuel Thorp	best_known	26_5_in_5
5_in_6	1			best_known	1_5_in_6
5_in_6	2			best_known	2_5_in_6
5_in_6	3	0.929		trivial	3_5_in_6
5_in_6	4			best_known	4_5_in_6
5_in_6	5			best_known	5_5_in_6
5_in_6	6	1.97666	Ethan Riddle	best_known	6_5_in_6
5_in_6	7			best_known	7_5_in_6
5_in_6	8			best_known	8_5_in_6
5_in_6	9	2.36527	Nicolas Campailla	best_known	9_5_in_6
5_in_6	10			best_known	10_5_in_6
5_in_6	11			best_known	11_5_in_6
5_in_6	12	2.93665	Jonathan Viquerat	best_known	12_5_in_6
5_in_6	13			best_known	13_5_in_6
5_in_6	14			best_known	14_5_in_6
5_in_6	15	3.40911	Jonathan Viquerat	best_known	15_5_in_6
5_in_6	16			best_known	16_5_in_6
5_in_6	17			best_known	17_5_in_6
5_in_6	18	3.69896	Jonathan Viquerat	best_known	18_5_in_6
5_in_6	19			best_known	19_5_in_6
5_in_6	20			best_known	20_5_in_6
5_in_6	21	3.88276	Jonathan Viquerat	best_known	21_5_in_6
5_in_6	22			best_known	22_5_in_6
5_in_6	23			best_known	23_5_in_6
5_in_6	24	4.32443	Jake Loyd	best_known	24_5_in_6
5_in_6	25	4.57861	Jake Loyd	best_known	25_5_in_6
5_in_8	1			best_known	1_5_in_8
5_in_8	2			best_known	2_5_in_8
5_in_8	3	0.69741	Nicolas Campailla	trivial	3_5_in_8
5_in_8	4			best_known	4_5_in_8
5_in_8	5			best_known	5_5_in_8
5_in_8	6	1.42986	Nicolas Campailla	trivial	6_5_in_8
5_in_8	7			best_known	7_5_in_8
5_in_8	8			best_known	8_5_in_8
5_in_8	9	1.82343	Timo Berthold et al	best_known	9_5_in_8
5_in_8	10			best_known	10_5_in_8
5_in_8	11			best_known	11_5_in_8
5_in_8	12	2.21135	Timo Berthold et al	best_known	12_5_in_8
5_in_8	13			best_known	13_5_in_8
5_in_8	14			best_known	14_5_in_8
5_in_8	15	2.49776	Jake Loyd	best_known	15_5_in_8
5_in_8	16			best_known	16_5_in_8
5_in_8	17			best_known	17_5_in_8
5_in_8	18	2.75249	Jake Loyd	best_known	18_5_in_8
5_in_8	19			best_known	19_5_in_8
5_in_8	20			best_known	20_5_in_8
5_in_8	21	2.95527	Jake Loyd	best_known	21_5_in_8
5_in_8	22			best_known	22_5_in_8
5_in_8	23			best_known	23_5_in_8
5_in_8	24	3.19144	Jake Loyd	best_known	24_5_in_8
5_in_8	25			best_known	25_5_in_8
5_in_8	26	3.36617	Jake Loyd	best_known	26_5_in_8
5_in_CIRCLE	1			best_known	1_5_in_CIRCLE
5_in_CIRCLE	2			best_known	2_5_in_CIRCLE
5_in_CIRCLE	3	0.86065		trivial	3_5_in_CIRCLE
5_in_CIRCLE	4			best_known	4_5_in_CIRCLE
5_in_CIRCLE	5			best_known	5_5_in_CIRCLE
5_in_CIRCLE	6	1.82971	Jonathan Viquerat	best_known	6_5_in_CIRCLE
5_in_CIRCLE	7			best_known	7_5_in_CIRCLE
5_in_CIRCLE	8			best_known	8_5_in_CIRCLE
5_in_CIRCLE	9	2.2947	Jake Loyd	best_known	9_5_in_CIRCLE
5_in_CIRCLE	10			best_known	10_5_in_CIRCLE
5_in_CIRCLE	11			best_known	11_5_in_CIRCLE
5_in_CIRCLE	12	2.79768	Jonathan Viquerat	best_known	12_5_in_CIRCLE
5_in_CIRCLE	13			best_known	13_5_in_CIRCLE
5_in_CIRCLE	14			best_known	14_5_in_CIRCLE
5_in_CIRCLE	15	3.07768	Jake Loyd	best_known	15_5_in_CIRCLE
5_in_CIRCLE	16			best_known	16_5_in_CIRCLE
5_in_CIRCLE	17			best_known	17_5_in_CIRCLE
5_in_CIRCLE	18	3.43657	Jonathan Viquerat	best_known	18_5_in_CIRCLE
5_in_CIRCLE	19			best_known	19_5_in_CIRCLE
5_in_CIRCLE	20			best_known	20_5_in_CIRCLE
5_in_CIRCLE	21	3.67189	Jake Loyd	best_known	21_5_in_CIRCLE
5_in_DOMINO	1			trivial	1_5_in_DOMINO
5_in_DOMINO	2		Jonathan Viquerat	best_known	2_5_in_DOMINO
5_in_DOMINO	3		Jonathan Viquerat	best_known	3_5_in_DOMINO
5_in_DOMINO	4		Jonathan Viquerat	best_known	4_5_in_DOMINO
5_in_DOMINO	5		Jonathan Viquerat	best_known	5_5_in_DOMINO
5_in_DOMINO	6		Jonathan Viquerat	best_known	6_5_in_DOMINO
5_in_DOMINO	7		Jonathan Viquerat	best_known	7_5_in_DOMINO
5_in_DOMINO	8		Jonathan Viquerat	best_known	8_5_in_DOMINO
5_in_DOMINO	9		Jonathan Viquerat	best_known	9_5_in_DOMINO
5_in_DOMINO	10		Jonathan Viquerat	best_known	10_5_in_DOMINO
5_in_DOMINO	11		Jonathan Viquerat	best_known	11_5_in_DOMINO
5_in_DOMINO	12		Jonathan Viquerat	best_known	12_5_in_DOMINO
5_in_DOMINO	13		Jonathan Viquerat	best_known	13_5_in_DOMINO
5_in_DOMINO	14		Jonathan Viquerat	best_known	14_5_in_DOMINO
5_in_DOMINO	15		Jonathan Viquerat	best_known	15_5_in_DOMINO
5_in_DOMINO	16		Jonathan Viquerat	best_known	16_5_in_DOMINO
5_in_DOMINO	17		Jonathan Viquerat	best_known	17_5_in_DOMINO
5_in_DOMINO	18		Thomas Greenleaf	best_known	18_5_in_DOMINO
5_in_DOMINO	19		Jonathan Viquerat	best_known	19_5_in_DOMINO
5_in_DOMINO	20		Thomas Greenleaf	best_known	20_5_in_DOMINO
5_in_DOMINO	21		Thomas Greenleaf	best_known	21_5_in_DOMINO
5_in_DOMINO	22		Thomas Greenleaf	best_known	22_5_in_DOMINO
5_in_L	1			best_known	1_5_in_L
5_in_L	2			best_known	2_5_in_L
5_in_L	3	1.23172	Jonathan Viquerat	trivial	3_5_in_L
5_in_L	4			best_known	4_5_in_L
5_in_L	5			best_known	5_5_in_L
5_in_L	6	1.96918	Jonathan Viquerat	best_known	6_5_in_L
5_in_L	7			best_known	7_5_in_L
5_in_L	8			best_known	8_5_in_L
5_in_L	9	2.41732	Jonathan Viquerat	best_known	9_5_in_L
5_in_L	10			best_known	10_5_in_L
5_in_L	11			best_known	11_5_in_L
5_in_L	12	2.80245	Jonathan Viquerat	trivial	12_5_in_L
5_in_L	13			best_known	13_5_in_L
5_in_L	14			best_known	14_5_in_L
5_in_L	15	3.22376	Jonathan Viquerat	best_known	15_5_in_L
5_in_L	16			best_known	16_5_in_L
5_in_L	17			best_known	17_5_in_L
5_in_L	18	3.55676	Jonathan Viquerat	best_known	18_5_in_L
5_in_L	19			best_known	19_5_in_L
5_in_L	20	3.81113	Jonathan Viquerat	best_known	20_5_in_L
5_in_TAN	1			trivial	1_5_in_TAN
5_in_TAN	2			trivial	2_5_in_TAN
5_in_TAN	3			trivial	3_5_in_TAN
5_in_TAN	4		Jonathan Viquerat	best_known	4_5_in_TAN
5_in_TAN	5		Jonathan Viquerat	best_known	5_5_in_TAN
5_in_TAN	6		Jonathan Viquerat	best_known	6_5_in_TAN
5_in_TAN	7		Jonathan Viquerat	best_known	7_5_in_TAN
5_in_TAN	8		Jonathan Viquerat	best_known	8_5_in_TAN
5_in_TAN	9		Jonathan Viquerat	best_known	9_5_in_TAN
5_in_TAN	10		Jonathan Viquerat	best_known	10_5_in_TAN
5_in_TAN	11		Jonathan Viquerat	best_known	11_5_in_TAN
5_in_TAN	12		Jonathan Viquerat	best_known	12_5_in_TAN
5_in_TAN	13		Jonathan Viquerat	best_known	13_5_in_TAN
5_in_TAN	14		Jonathan Viquerat	best_known	14_5_in_TAN
5_in_TAN	15		Jonathan Viquerat	best_known	15_5_in_TAN
5_in_TAN	16		Jonathan Viquerat	best_known	16_5_in_TAN
5_in_TAN	17		Jonathan Viquerat	best_known	17_5_in_TAN
5_in_TAN	18		Jonathan Viqueratl	best_known	18_5_in_TAN
5_in_TAN	19		Thomas Greenleaf	best_known	19_5_in_TAN
5_in_TAN	20		Jonathan Viquerat	best_known	20_5_in_TAN
6_in_3	1			best_known	1_6_in_3
6_in_3	2			best_known	2_6_in_3
6_in_3	4	3.0		trivial	4_6_in_3
6_in_3	5			best_known	5_6_in_3
6_in_3	6			best_known	6_6_in_3
6_in_3	7	6.8301	Maurizio Morandi	trivial	7_6_in_3
6_in_3	8			best_known	8_6_in_3
6_in_3	9			best_known	9_6_in_3
6_in_3	10	8.3333	Erich Friedman	trivial	10_6_in_3
6_in_3	11			best_known	11_6_in_3
6_in_3	12			best_known	12_6_in_3
6_in_3	13	9.54823	Jonathan Viquerat	best_known	13_6_in_3
6_in_3	14			best_known	14_6_in_3
6_in_3	16			best_known	16_6_in_3
6_in_3	17	10.3923	Timo Berthold et al	trivial	17_6_in_3
6_in_3	18			best_known	18_6_in_3
6_in_3	19			best_known	19_6_in_3
6_in_3	20	11.91421	Jake Loyd	trivial	20_6_in_3
6_in_3	22			best_known	22_6_in_3
6_in_3	23			best_known	23_6_in_3
6_in_3	24	12.99518	Jonathan Viquerat	best_known	24_6_in_3
6_in_3	25	13.77683	Jake Loyd	best_known	25_6_in_3
6_in_4	1			best_known	1_6_in_4
6_in_4	2			best_known	2_6_in_4
6_in_4	3	1.931	Maurizio Morandi	trivial	3_6_in_4
6_in_4	4			best_known	4_6_in_4
6_in_4	5			best_known	5_6_in_4
6_in_4	6	3.725	Maurizio Morandi	best_known	6_6_in_4
6_in_4	7			best_known	7_6_in_4
6_in_4	9			best_known	9_6_in_4
6_in_4	10	5.196	Maurizio Morandi	trivial	10_6_in_4
6_in_4	11			best_known	11_6_in_4
6_in_4	12			best_known	12_6_in_4
6_in_4	13	6.33218	Maksymilian Jankowski	best_known	13_6_in_4
6_in_4	14			best_known	14_6_in_4
6_in_4	15			best_known	15_6_in_4
6_in_4	16	6.928	Maksymilian Jankowski	trivial	16_6_in_4
6_in_4	17			best_known	17_6_in_4
6_in_4	18			best_known	18_6_in_4
6_in_4	19	7.60383	Maksymilian Jankowski	best_known	19_6_in_4
6_in_4	20			best_known	20_6_in_4
6_in_4	21			best_known	21_6_in_4
6_in_4	22	7.948	Maurizio Morandi	best_known	22_6_in_4
6_in_4	23			best_known	23_6_in_4
6_in_4	24			best_known	24_6_in_4
6_in_4	25	8.66	Jonathan Viquerat	best_known	25_6_in_4
6_in_4	26			best_known	26_6_in_4
6_in_4	27	9.22087	Thomas Greenleaf	best_known	27_6_in_4
6_in_5	1	1.39538		trivial	1_6_in_5
6_in_5	2	2.46585	Jonathan Viquerat	best_known	2_6_in_5
6_in_5	3	2.74282	Ethan Riddle	best_known	3_6_in_5
6_in_5	4	3.01522	Jonathan Viquerat	best_known	4_6_in_5
6_in_5	5	3.21973	Jonathan Viquerat	best_known	5_6_in_5
6_in_5	6	3.54952	Jonathan Viquerat	best_known	6_6_in_5
6_in_5	7	3.79749	Jonathan Viquerat	best_known	7_6_in_5
6_in_5	8	4.14917	Jonathan Viquerat	best_known	8_6_in_5
6_in_5	9	4.34314	Jonathan Viquerat	best_known	9_6_in_5
6_in_5	10	4.5581	Jonathan Viquerat	best_known	10_6_in_5
6_in_5	11	4.71967	Jonathan Viquerat	best_known	11_6_in_5
6_in_5	13	5.10109	Jonathan Viquerat	best_known	13_6_in_5
6_in_5	14	5.29198	Jake Loyd	best_known	14_6_in_5
6_in_5	15	5.41337	Jake Loyd	best_known	15_6_in_5
6_in_5	16	5.61409	Jake Loyd	best_known	16_6_in_5
6_in_5	17	5.82103	Jake Loyd	best_known	17_6_in_5
6_in_5	18	5.94471	Jonathan Viquerat	best_known	18_6_in_5
6_in_5	19	6.10977	Jonathan Viquerat	best_known	19_6_in_5
6_in_5	20	6.24667	Jake Loyd	best_known	20_6_in_5
6_in_5	21	6.39222	Jonathan Viquerat	best_known	21_6_in_5
6_in_5	22	6.53481	Jonathan Viquerat	best_known	22_6_in_5
6_in_5	23	6.66271	Jake Loyd	best_known	23_6_in_5
6_in_5	24	6.77466	Jake Loyd	best_known	24_6_in_5
6_in_5	25	6.891	Jonathan Viquerat	best_known	25_6_in_5
6_in_6	1	1.0		trivial	1_6_in_6
6_in_6	2	2.0		trivial	2_6_in_6
6_in_6	3	2.0		trivial	3_6_in_6
6_in_6	4	2.333		trivial	4_6_in_6
6_in_6	5	2.666	Erich Friedman	best_known	5_6_in_6
6_in_6	8	3.314	Maurizio Morandi	best_known	8_6_in_6
6_in_6	9	3.628	Maurizio Morandi	best_known	9_6_in_6
6_in_6	10	3.732	Maurizio Morandi	best_known	10_6_in_6
6_in_6	11	3.9245	Johann Schellhorn	best_known	11_6_in_6
6_in_6	12	3.94164	Alpha Evolve	best_known	12_6_in_6
6_in_6	14	4.26899	Dominik Kamp	best_known	14_6_in_6
6_in_6	15	4.44727	Alex Kravatsky et al	best_known	15_6_in_6
6_in_6	16	4.52746	Alex Kravatsky et al	best_known	16_6_in_6
6_in_6	17	4.6136	Alex Kravatsky et al	best_known	17_6_in_6
6_in_6	22	5.285	Maurizio Morandi	best_known	22_6_in_6
6_in_6	23	5.39998	Jonathan Viquerat	best_known	23_6_in_6
6_in_6	24	5.484	Maurizio Morandi	best_known	24_6_in_6
6_in_6	25	5.6239	Alex Kravatsky et al	best_known	25_6_in_6
6_in_6	26	5.70972	Alex Kravatsky et al	best_known	26_6_in_6
6_in_6	27	5.71415	Alex Kravatsky et al	best_known	27_6_in_6
6_in_6	28	5.90893	Alex Kravatsky et al	best_known	28_6_in_6
6_in_6	32	6.26261	Thomas Greenleaf	best_known	32_6_in_6
6_in_6	33	6.26603	Thomas Greenleaf	best_known	33_6_in_6
6_in_8	1	0.82134		trivial	1_6_in_8
6_in_8	2	1.43488		trivial	2_6_in_8
6_in_8	3	1.60645	Jonathan Viquerat	best_known	3_6_in_8
6_in_8	4	1.7563	Jonathan Viquerat	best_known	4_6_in_8
6_in_8	5	1.98707	Jonathan Viquerat	best_known	5_6_in_8
6_in_8	6	2.16435	Nicolas Campailla	best_known	6_6_in_8
6_in_8	7	2.18284	Jonathan Viquerat	best_known	7_6_in_8
6_in_8	8	2.40792	Jonathan Viquerat	best_known	8_6_in_8
6_in_8	9	2.62665	Jonathan Viquerat	best_known	9_6_in_8
6_in_8	10	2.74238	Jonathan Viquerat	best_known	10_6_in_8
6_in_8	11	2.86975	Jonathan Viquerat	best_known	11_6_in_8
6_in_8	13	3.07201	Jonathan Viquerat	best_known	13_6_in_8
6_in_8	14	3.13475	Jonathan Viquerat	best_known	14_6_in_8
6_in_8	15	3.28379	Timo Berthold et al	best_known	15_6_in_8
6_in_8	16	3.37007	Timo Berthold et al	best_known	16_6_in_8
6_in_8	17	3.47655	Jake Loyd	best_known	17_6_in_8
6_in_8	18	3.56008	Timo Berthold et al	best_known	18_6_in_8
6_in_8	19	3.58719	Jonathan Viquerat	best_known	19_6_in_8
6_in_8	20	3.72606	Jonathan Viquerat	best_known	20_6_in_8
6_in_8	21	3.81015	Thomas Greenleaf	best_known	21_6_in_8
6_in_8	22	3.91915	Thomas Greenleaf	best_known	22_6_in_8
6_in_CIRCLE	1			best_known	1_6_in_CIRCLE
6_in_CIRCLE	2			best_known	2_6_in_CIRCLE
6_in_CIRCLE	3	1.0		trivial	3_6_in_CIRCLE
6_in_CIRCLE	4			best_known	4_6_in_CIRCLE
6_in_CIRCLE	5			best_known	5_6_in_CIRCLE
6_in_CIRCLE	6	2.239	Maurizio Morandi	trivial	6_6_in_CIRCLE
6_in_CIRCLE	8			best_known	8_6_in_CIRCLE
6_in_CIRCLE	9			best_known	9_6_in_CIRCLE
6_in_CIRCLE	10	2.984	Maurizio Morandi	best_known	10_6_in_CIRCLE
6_in_CIRCLE	11			best_known	11_6_in_CIRCLE
6_in_CIRCLE	12			best_known	12_6_in_CIRCLE
6_in_CIRCLE	13	3.59003	Jake Loyd	best_known	13_6_in_CIRCLE
6_in_CIRCLE	14			best_known	14_6_in_CIRCLE
6_in_CIRCLE	15			best_known	15_6_in_CIRCLE
6_in_CIRCLE	16	3.87755	Jake Loyd	best_known	16_6_in_CIRCLE
6_in_CIRCLE	17			best_known	17_6_in_CIRCLE
6_in_CIRCLE	18			best_known	18_6_in_CIRCLE
6_in_CIRCLE	20	4.30158	Jake Loyd	trivial	20_6_in_CIRCLE
6_in_CIRCLE	21			best_known	21_6_in_CIRCLE
6_in_CIRCLE	22			best_known	22_6_in_CIRCLE
6_in_CIRCLE	23	4.68305	Jake Loyd	best_known	23_6_in_CIRCLE
6_in_CIRCLE	24			best_known	24_6_in_CIRCLE
6_in_CIRCLE	25			best_known	25_6_in_CIRCLE
6_in_CIRCLE	26	5.08387	Jake Loyd	best_known	26_6_in_CIRCLE
6_in_DOMINO	1			trivial	1_6_in_DOMINO
6_in_DOMINO	2			best_known	2_6_in_DOMINO
6_in_DOMINO	3			best_known	3_6_in_DOMINO
6_in_DOMINO	4			best_known	4_6_in_DOMINO
6_in_DOMINO	5			best_known	5_6_in_DOMINO
6_in_DOMINO	6			best_known	6_6_in_DOMINO
6_in_DOMINO	7			best_known	7_6_in_DOMINO
6_in_DOMINO	8			best_known	8_6_in_DOMINO
6_in_DOMINO	9			best_known	9_6_in_DOMINO
6_in_DOMINO	10			best_known	10_6_in_DOMINO
6_in_DOMINO	11			best_known	11_6_in_DOMINO
6_in_DOMINO	12			best_known	12_6_in_DOMINO
6_in_DOMINO	13			best_known	13_6_in_DOMINO
6_in_DOMINO	14			best_known	14_6_in_DOMINO
6_in_DOMINO	15			best_known	15_6_in_DOMINO
6_in_DOMINO	16			trivial	16_6_in_DOMINO
6_in_DOMINO	18			best_known	18_6_in_DOMINO
6_in_DOMINO	19			best_known	19_6_in_DOMINO
6_in_DOMINO	20			best_known	20_6_in_DOMINO
6_in_DOMINO	21			best_known	21_6_in_DOMINO
6_in_DOMINO	22			best_known	22_6_in_DOMINO
6_in_L	1			best_known	1_6_in_L
6_in_L	2			best_known	2_6_in_L
6_in_L	3	1.5783	Jonathan Viquerat	trivial	3_6_in_L
6_in_L	4			best_known	4_6_in_L
6_in_L	5			best_known	5_6_in_L
6_in_L	6	2.41072	Jonathan Viquerat	best_known	6_6_in_L
6_in_L	7			best_known	7_6_in_L
6_in_L	8			best_known	8_6_in_L
6_in_L	9	3.08493	Jonathan Viquerat	best_known	9_6_in_L
6_in_L	10			best_known	10_6_in_L
6_in_L	11			best_known	11_6_in_L
6_in_L	12	3.4641	Jonathan Viquerat	trivial	12_6_in_L
6_in_L	13			best_known	13_6_in_L
6_in_L	14			best_known	14_6_in_L
6_in_L	15	3.94486	Jonathan Viquerat	best_known	15_6_in_L
6_in_L	16			best_known	16_6_in_L
6_in_L	17			best_known	17_6_in_L
6_in_L	18	4.27526	Jonathan Viquerat	best_known	18_6_in_L
6_in_L	19			best_known	19_6_in_L
6_in_L	20	4.70835	Jonathan Viquerat	best_known	20_6_in_L
6_in_TAN	1			trivial	1_6_in_TAN
6_in_TAN	2			trivial	2_6_in_TAN
6_in_TAN	3			trivial	3_6_in_TAN
6_in_TAN	4		Jonathan Viquerat	best_known	4_6_in_TAN
6_in_TAN	5		Jonathan Viquerat	best_known	5_6_in_TAN
6_in_TAN	6		Jonathan Viquerat	best_known	6_6_in_TAN
6_in_TAN	7		Jonathan Viquerat	best_known	7_6_in_TAN
6_in_TAN	8		Jonathan Viquerat	best_known	8_6_in_TAN
6_in_TAN	9		Jonathan Viquerat	best_known	9_6_in_TAN
6_in_TAN	10		Jonathan Viquerat	best_known	10_6_in_TAN
6_in_TAN	11		Jonathan Viquerat	best_known	11_6_in_TAN
6_in_TAN	12		Jonathan Viquerat	best_known	12_6_in_TAN
6_in_TAN	13		Jonathan Viquerat	best_known	13_6_in_TAN
6_in_TAN	14		Jonathan Viquerat	best_known	14_6_in_TAN
6_in_TAN	15		Jonathan Viquerat	best_known	15_6_in_TAN
6_in_TAN	16		Jonathan Viquerat	best_known	16_6_in_TAN
6_in_TAN	17		Jonathan Viquerat	best_known	17_6_in_TAN
6_in_TAN	18		Jonathan Viqueratl	best_known	18_6_in_TAN
6_in_TAN	19		Jonathan Viquerat	best_known	19_6_in_TAN
6_in_TAN	20		Jonathan Viquerat	best_known	20_6_in_TAN
8_in_3	1		Jonathan Viquerat	best_known	1_8_in_3
8_in_3	2		Jonathan Viquerat	best_known	2_8_in_3
8_in_3	3		Jonathan Viquerat	best_known	3_8_in_3
8_in_3	4		Jonathan Viquerat	best_known	4_8_in_3
8_in_3	5		Jonathan Viquerat	best_known	5_8_in_3
8_in_3	6		Jonathan Viquerat	best_known	6_8_in_3
8_in_3	7		Jonathan Viquerat	best_known	7_8_in_3
8_in_3	8		Jonathan Viquerat	best_known	8_8_in_3
8_in_3	9			trivial	9_8_in_3
8_in_3	10		Jonathan Viquerat	best_known	10_8_in_3
8_in_3	11		Jonathan Viquerat	best_known	11_8_in_3
8_in_3	12		Jonathan Viquerat	best_known	12_8_in_3
8_in_3	13		Jonathan Viquerat	best_known	13_8_in_3
8_in_3	14		Timo Berthold et al	best_known	14_8_in_3
8_in_3	15		Jonathan Viquerat	best_known	15_8_in_3
8_in_3	16		Jonathan Viquerat	best_known	16_8_in_3
8_in_3	17		Timo Berthold et al	best_known	17_8_in_3
8_in_3	18		Timo Berthold et al	best_known	18_8_in_3
8_in_3	19		Timo Berthold et al	best_known	19_8_in_3
8_in_3	20		Timo Berthold et al	best_known	20_8_in_3
8_in_3	21		Mohamed Metwalli	best_known	21_8_in_3
8_in_3	22		Mohamed Metwalli	best_known	22_8_in_3
8_in_4	1			trivial	1_8_in_4
8_in_4	2		Jonathan Viquerat	best_known	2_8_in_4
8_in_4	3			trivial	3_8_in_4
8_in_4	5		Jonathan Viquerat	best_known	5_8_in_4
8_in_4	6		Jonathan Viquerat	best_known	6_8_in_4
8_in_4	7		Jonathan Viquerat	best_known	7_8_in_4
8_in_4	8			trivial	8_8_in_4
8_in_4	10		Jonathan Viquerat	best_known	10_8_in_4
8_in_4	11			trivial	11_8_in_4
8_in_4	12		Jonathan Viquerat	best_known	12_8_in_4
8_in_4	13		Jonathan Viquerat	best_known	13_8_in_4
8_in_4	14		Jonathan Viquerat	best_known	14_8_in_4
8_in_4	15		Jonathan Viquerat	best_known	15_8_in_4
8_in_4	17		Jonathan Viquerat	best_known	17_8_in_4
8_in_4	18		Jonathan Viquerat	best_known	18_8_in_4
8_in_4	19		Timo Berthold	best_known	19_8_in_4
8_in_4	20		Jonathan Viquerat	best_known	20_8_in_4
8_in_5	1	1.87981		trivial	1_8_in_5
8_in_5	2	3.35605	Jonathan Viquerat	best_known	2_8_in_5
8_in_5	3	3.74412	Jonathan Viquerat	best_known	3_8_in_5
8_in_5	4	4.10126	Jonathan Viquerat	best_known	4_8_in_5
8_in_5	5	4.333	Jonathan Viquerat	best_known	5_8_in_5
8_in_5	6	4.77007	Jonathan Viquerat	best_known	6_8_in_5
8_in_5	7	5.25544	Jonathan Viquerat	best_known	7_8_in_5
8_in_5	8	5.61662	Jonathan Viquerat	best_known	8_8_in_5
8_in_5	9	5.9658	Jonathan Viquerat	best_known	9_8_in_5
8_in_5	10	6.28146	Jonathan Viquerat	best_known	10_8_in_5
8_in_5	11	6.46576	Jonathan Viquerat	best_known	11_8_in_5
8_in_5	12	6.71763	Jonathan Viquerat	best_known	12_8_in_5
8_in_5	13	6.97062	Jonathan Viquerat	best_known	13_8_in_5
8_in_5	14	7.16083	Jonathan Viquerat	best_known	14_8_in_5
8_in_5	15	7.36431	Jonathan Viquerat	best_known	15_8_in_5
8_in_5	16	7.61541	Jonathan Viquerat	best_known	16_8_in_5
8_in_5	17	7.9142	Jonathan Viquerat	best_known	17_8_in_5
8_in_5	18	8.1259	Jonathan Viquerat	best_known	18_8_in_5
8_in_5	19	8.34358	Jonathan Viquerat	best_known	19_8_in_5
8_in_5	20	8.54352	Jonathan Viquerat	best_known	20_8_in_5
8_in_6	1			trivial	1_8_in_6
8_in_6	2			trivial	2_8_in_6
8_in_6	3		Mohamed Metwalli	best_known	3_8_in_6
8_in_6	4		Mohamed Metwalli	best_known	4_8_in_6
8_in_6	5		Jonathan Viquerat	best_known	5_8_in_6
8_in_6	6		Mohamed Metwalli	best_known	6_8_in_6
8_in_6	7		Jonathan Viquerat	best_known	7_8_in_6
8_in_6	8		Jonathan Viquerat	best_known	8_8_in_6
8_in_6	9		Jonathan Viquerat	best_known	9_8_in_6
8_in_6	10		Jonathan Viquerat	best_known	10_8_in_6
8_in_6	11		Jonathan Viquerat	best_known	11_8_in_6
8_in_6	12		Jonathan Viquerat	best_known	12_8_in_6
8_in_6	13		Jonathan Viquerat	best_known	13_8_in_6
8_in_6	14		Jonathan Viquerat	best_known	14_8_in_6
8_in_6	15		Jonathan Viquerat	best_known	15_8_in_6
8_in_6	16		Jonathan Viquerat	best_known	16_8_in_6
8_in_6	17		Jonathan Viquerat	best_known	17_8_in_6
8_in_6	18		Jonathan Viquerat	best_known	18_8_in_6
8_in_6	19		Jonathan Viquerat	best_known	19_8_in_6
8_in_6	20		Jonathan Viquerat	best_known	20_8_in_6
8_in_8	1			best_known	1_8_in_8
8_in_8	2			best_known	2_8_in_8
8_in_8	3	1.0	Ignacio Vallejo	trivial	3_8_in_8
8_in_8	4			best_known	4_8_in_8
8_in_8	5			best_known	5_8_in_8
8_in_8	6	2.38895	Ignacio Vallejo	best_known	6_8_in_8
8_in_8	7			best_known	7_8_in_8
8_in_8	8			best_known	8_8_in_8
8_in_8	9	3.0	Grant Mowry	trivial	9_8_in_8
8_in_8	10			best_known	10_8_in_8
8_in_8	11			best_known	11_8_in_8
8_in_8	12	3.7071	Ignacio Vallejo	trivial	12_8_in_8
8_in_8	13			best_known	13_8_in_8
8_in_8	14			best_known	14_8_in_8
8_in_8	15	4.17157	Ignacio Vallejo	best_known	15_8_in_8
8_in_8	16			best_known	16_8_in_8
8_in_8	17			best_known	17_8_in_8
8_in_8	18	4.59803	Timo Berthold et al	best_known	18_8_in_8
8_in_8	19			best_known	19_8_in_8
8_in_8	20			best_known	20_8_in_8
8_in_8	21	4.9355	Timo Berthold et al	best_known	21_8_in_8
8_in_8	22			best_known	22_8_in_8
8_in_8	23			best_known	23_8_in_8
8_in_8	24	5.35687	Timo Berthold et al	best_known	24_8_in_8
8_in_8	25			best_known	25_8_in_8
8_in_8	26			best_known	26_8_in_8
8_in_8	27	5.65464	Timo Berthold et al	best_known	27_8_in_8
8_in_8	28			best_known	28_8_in_8
8_in_8	29			best_known	29_8_in_8
8_in_8	30	5.82842	Ignacio Vallejo	best_known	30_8_in_8
8_in_CIRCLE	1			trivial	1_8_in_CIRCLE
8_in_CIRCLE	2			trivial	2_8_in_CIRCLE
8_in_CIRCLE	3		Jonathan Viquerat	best_known	3_8_in_CIRCLE
8_in_CIRCLE	4			trivial	4_8_in_CIRCLE
8_in_CIRCLE	5		Jonathan Viquerat	best_known	5_8_in_CIRCLE
8_in_CIRCLE	6		Jonathan Viquerat	best_known	6_8_in_CIRCLE
8_in_CIRCLE	7		Jonathan Viquerat	best_known	7_8_in_CIRCLE
8_in_CIRCLE	8		Jonathan Viquerat	best_known	8_8_in_CIRCLE
8_in_CIRCLE	9		Jonathan Viquerat	best_known	9_8_in_CIRCLE
8_in_CIRCLE	10		Jonathan Viquerat	best_known	10_8_in_CIRCLE
8_in_CIRCLE	11		Jonathan Viquerat	best_known	11_8_in_CIRCLE
8_in_CIRCLE	12		Jonathan Viquerat	best_known	12_8_in_CIRCLE
8_in_CIRCLE	13		Jonathan Viquerat	best_known	13_8_in_CIRCLE
8_in_CIRCLE	14		Jonathan Viquerat	best_known	14_8_in_CIRCLE
8_in_CIRCLE	15		Jonathan Viquerat	best_known	15_8_in_CIRCLE
8_in_CIRCLE	16		Jonathan Viquerat	best_known	16_8_in_CIRCLE
8_in_CIRCLE	17		Jonathan Viquerat	best_known	17_8_in_CIRCLE
8_in_CIRCLE	18		Jonathan Viquerat	best_known	18_8_in_CIRCLE
8_in_CIRCLE	19		Jonathan Viquerat	best_known	19_8_in_CIRCLE
8_in_CIRCLE	20		Jonathan Viquerat	best_known	20_8_in_CIRCLE
8_in_DOMINO	3		Jonathan Viquerat	best_known	3_8_in_DOMINO
8_in_DOMINO	4		Jonathan Viquerat	best_known	4_8_in_DOMINO
8_in_DOMINO	5		Jonathan Viquerat	best_known	5_8_in_DOMINO
8_in_DOMINO	6		Jonathan Viquerat	best_known	6_8_in_DOMINO
8_in_DOMINO	7			trivial	7_8_in_DOMINO
8_in_DOMINO	9		Jonathan Viquerat	best_known	9_8_in_DOMINO
8_in_DOMINO	10		Jonathan Viquerat	best_known	10_8_in_DOMINO
8_in_DOMINO	11		Jonathan Viquerat	best_known	11_8_in_DOMINO
8_in_DOMINO	12		Jonathan Viquerat	best_known	12_8_in_DOMINO
8_in_DOMINO	13		Jonathan Viquerat	best_known	13_8_in_DOMINO
8_in_DOMINO	15		Jonathan Viquerat	best_known	15_8_in_DOMINO
8_in_DOMINO	16		Jonathan Viquerat	best_known	16_8_in_DOMINO
8_in_DOMINO	17			trivial	17_8_in_DOMINO
8_in_DOMINO	19		Jonathan Viquerat	best_known	19_8_in_DOMINO
8_in_DOMINO	20		Jonathan Viquerat	best_known	20_8_in_DOMINO
8_in_DOMINO	21		Thomas Greenleaf	best_known	21_8_in_DOMINO
8_in_DOMINO	22		Thomas Greenleaf	best_known	22_8_in_DOMINO
8_in_L	1			trivial	1_8_in_L
8_in_L	2			trivial	2_8_in_L
8_in_L	4		Jonathan Viquerat	best_known	4_8_in_L
8_in_L	6		Jonathan Viquerat	best_known	6_8_in_L
8_in_L	6		Jonathan Viquerat	best_known	6_8_in_L
8_in_L	7		Jonathan Viquerat	best_known	7_8_in_L
8_in_L	8		Jonathan Viquerat	best_known	8_8_in_L
8_in_L	9		Jonathan Viquerat	best_known	9_8_in_L
8_in_L	10		Jonathan Viquerat	best_known	10_8_in_L
8_in_L	11			trivial	11_8_in_L
8_in_L	13		Jonathan Viquerat	best_known	13_8_in_L
8_in_L	14		Jonathan Viquerat	best_known	14_8_in_L
8_in_L	15		Jonathan Viquerat	best_known	15_8_in_L
8_in_L	16		Jonathan Viquerat	best_known	16_8_in_L
8_in_L	17		Jonathan Viquerat	best_known	17_8_in_L
8_in_TAN	1			trivial	1_8_in_TAN
8_in_TAN	2			trivial	2_8_in_TAN
8_in_TAN	3			trivial	3_8_in_TAN
8_in_TAN	4			trivial	4_8_in_TAN
8_in_TAN	5		Jonathan Viquerat	best_known	5_8_in_TAN
8_in_TAN	6			trivial	6_8_in_TAN
8_in_TAN	7		Jonathan Viquerat	best_known	7_8_in_TAN
8_in_TAN	8		Jonathan Viquerat	best_known	8_8_in_TAN
8_in_TAN	9			trivial	9_8_in_TAN
8_in_TAN	10			trivial	10_8_in_TAN
8_in_TAN	11		Jonathan Viquerat	best_known	11_8_in_TAN
8_in_TAN	12		Jonathan Viquerat	best_known	12_8_in_TAN
8_in_TAN	13		Jonathan Viquerat	best_known	13_8_in_TAN
8_in_TAN	14		Jonathan Viquerat	best_known	14_8_in_TAN
8_in_TAN	15			trivial	15_8_in_TAN
8_in_TAN	16			trivial	16_8_in_TAN
8_in_TAN	17		Jonathan Viquerat	best_known	17_8_in_TAN
8_in_TAN	18		Jonathan Viqueratl	best_known	18_8_in_TAN
8_in_TAN	19		Jonathan Viquerat	best_known	19_8_in_TAN
8_in_TAN	20		Jonathan Viquerat	best_known	20_8_in_TAN
8_in_TAN	21			trivial	21_8_in_TAN
8_in_TAN	22		Thomas Greenleaf	best_known	22_8_in_TAN
DOMINO_in_3	1			best_known	1_DOMINO_in_3
DOMINO_in_3	2			best_known	2_DOMINO_in_3
DOMINO_in_3	3	3.1547		trivial	3_DOMINO_in_3
DOMINO_in_3	4			best_known	4_DOMINO_in_3
DOMINO_in_3	5			best_known	5_DOMINO_in_3
DOMINO_in_3	6	5.38188	Jonathan Viquerat	best_known	6_DOMINO_in_3
DOMINO_in_3	7			best_known	7_DOMINO_in_3
DOMINO_in_3	8			best_known	8_DOMINO_in_3
DOMINO_in_3	9	6.61409	Jonathan Viquerat	best_known	9_DOMINO_in_3
DOMINO_in_3	10			best_known	10_DOMINO_in_3
DOMINO_in_3	11			best_known	11_DOMINO_in_3
DOMINO_in_3	12	7.61885	Jonathan Viquerat	best_known	12_DOMINO_in_3
DOMINO_in_3	13			best_known	13_DOMINO_in_3
DOMINO_in_3	14			best_known	14_DOMINO_in_3
DOMINO_in_3	15	8.61885	Jonathan Viquerat	best_known	15_DOMINO_in_3
DOMINO_in_3	16			best_known	16_DOMINO_in_3
DOMINO_in_3	17			best_known	17_DOMINO_in_3
DOMINO_in_3	18	9.4641	Maurizio Morandi	best_known	18_DOMINO_in_3
DOMINO_in_3	19			best_known	19_DOMINO_in_3
DOMINO_in_3	20			best_known	20_DOMINO_in_3
DOMINO_in_3	21	10.3094	Jonathan Viquerat	best_known	21_DOMINO_in_3
DOMINO_in_3	22			best_known	22_DOMINO_in_3
DOMINO_in_3	23			best_known	23_DOMINO_in_3
DOMINO_in_3	24	10.9282	Maurizio Morandi	best_known	24_DOMINO_in_3
DOMINO_in_3	25			best_known	25_DOMINO_in_3
DOMINO_in_3	26			best_known	26_DOMINO_in_3
DOMINO_in_3	27	11.6188	Maurizio Morandi	best_known	27_DOMINO_in_3
DOMINO_in_4	1			best_known	1_DOMINO_in_4
DOMINO_in_4	3			best_known	3_DOMINO_in_4
DOMINO_in_4	3	2.0	Jonathan Viquerat	trivial	3_DOMINO_in_4
DOMINO_in_4	6			best_known	6_DOMINO_in_4
DOMINO_in_4	9			best_known	9_DOMINO_in_4
DOMINO_in_4	10	4.0	Jonathan Viquerat	trivial	10_DOMINO_in_4
DOMINO_in_4	13			best_known	13_DOMINO_in_4
DOMINO_in_4	14			best_known	14_DOMINO_in_4
DOMINO_in_4	15	5.7071	Jonathan Viquerat	trivial	15_DOMINO_in_4
DOMINO_in_4	19			best_known	19_DOMINO_in_4
DOMINO_in_4	20	6.81192	Jonathan Viquerat	trivial	20_DOMINO_in_4
DOMINO_in_5	1			trivial	1_DOMINO_in_5
DOMINO_in_5	2		Jonathan Viquerat	best_known	2_DOMINO_in_5
DOMINO_in_5	3		Jonathan Viquerat	best_known	3_DOMINO_in_5
DOMINO_in_5	4		Jonathan Viquerat	best_known	4_DOMINO_in_5
DOMINO_in_5	5		Jonathan Viquerat	best_known	5_DOMINO_in_5
DOMINO_in_5	6		Jonathan Viquerat	best_known	6_DOMINO_in_5
DOMINO_in_5	7		Jonathan Viquerat	best_known	7_DOMINO_in_5
DOMINO_in_5	8		Jonathan Viquerat	best_known	8_DOMINO_in_5
DOMINO_in_5	9		Jonathan Viquerat	best_known	9_DOMINO_in_5
DOMINO_in_5	10		Jonathan Viquerat	best_known	10_DOMINO_in_5
DOMINO_in_5	11		Jonathan Viquerat	best_known	11_DOMINO_in_5
DOMINO_in_5	12		Jonathan Viquerat	best_known	12_DOMINO_in_5
DOMINO_in_5	13		Jonathan Viquerat	best_known	13_DOMINO_in_5
DOMINO_in_5	14		Jonathan Viquerat	best_known	14_DOMINO_in_5
DOMINO_in_5	15		Jonathan Viquerat	best_known	15_DOMINO_in_5
DOMINO_in_5	16		Jonathan Viquerat	best_known	16_DOMINO_in_5
DOMINO_in_5	17		Jonathan Viquerat	best_known	17_DOMINO_in_5
DOMINO_in_5	18		Jonathan Viquerat	best_known	18_DOMINO_in_5
DOMINO_in_5	19		Jonathan Viquerat	best_known	19_DOMINO_in_5
DOMINO_in_5	20		Jonathan Viquerat	best_known	20_DOMINO_in_5
DOMINO_in_6	1			best_known	1_DOMINO_in_6
DOMINO_in_6	2			best_known	2_DOMINO_in_6
DOMINO_in_6	3	1.1547	Jonathan Viquerat	trivial	3_DOMINO_in_6
DOMINO_in_6	4			best_known	4_DOMINO_in_6
DOMINO_in_6	5			best_known	5_DOMINO_in_6
DOMINO_in_6	6	2.1547	Jonathan Viquerat	trivial	6_DOMINO_in_6
DOMINO_in_6	7			best_known	7_DOMINO_in_6
DOMINO_in_6	8			best_known	8_DOMINO_in_6
DOMINO_in_6	9	2.63129	Jonathan Viquerat	best_known	9_DOMINO_in_6
DOMINO_in_6	10			best_known	10_DOMINO_in_6
DOMINO_in_6	11			best_known	11_DOMINO_in_6
DOMINO_in_6	12	3.20891	Jonathan Viquerat	best_known	12_DOMINO_in_6
DOMINO_in_6	13			best_known	13_DOMINO_in_6
DOMINO_in_6	14			best_known	14_DOMINO_in_6
DOMINO_in_6	15	3.52702	Jonathan Viquerat	best_known	15_DOMINO_in_6
DOMINO_in_6	16			best_known	16_DOMINO_in_6
DOMINO_in_6	17			best_known	17_DOMINO_in_6
DOMINO_in_6	18	3.90286	Jonathan Viquerat	trivial	18_DOMINO_in_6
DOMINO_in_6	19			best_known	19_DOMINO_in_6
DOMINO_in_6	20	4.19677	Jonathan Viquerat	best_known	20_DOMINO_in_6
DOMINO_in_8	1			best_known	1_DOMINO_in_8
DOMINO_in_8	2			best_known	2_DOMINO_in_8
DOMINO_in_8	3	0.87867	Maurizio Morandi	trivial	3_DOMINO_in_8
DOMINO_in_8	4			best_known	4_DOMINO_in_8
DOMINO_in_8	5			best_known	5_DOMINO_in_8
DOMINO_in_8	6	1.57337	Maurizio Morandi	best_known	6_DOMINO_in_8
DOMINO_in_8	7			best_known	7_DOMINO_in_8
DOMINO_in_8	8			best_known	8_DOMINO_in_8
DOMINO_in_8	9	2.00516	Joanthan Viquerat	trivial	9_DOMINO_in_8
DOMINO_in_8	10			best_known	10_DOMINO_in_8
DOMINO_in_8	11			best_known	11_DOMINO_in_8
DOMINO_in_8	13	2.32394	Joanthan Viquerat	trivial	13_DOMINO_in_8
DOMINO_in_8	14			best_known	14_DOMINO_in_8
DOMINO_in_8	15			best_known	15_DOMINO_in_8
DOMINO_in_8	16	2.6774	Joanthan Viquerat	best_known	16_DOMINO_in_8
DOMINO_in_8	17			best_known	17_DOMINO_in_8
DOMINO_in_8	18	2.92776	Maurizio Morandi	best_known	18_DOMINO_in_8
DOMINO_in_CIRCLE	1			best_known	1_DOMINO_in_CIRCLE
DOMINO_in_CIRCLE	2			best_known	2_DOMINO_in_CIRCLE
DOMINO_in_CIRCLE	3	1.11803		trivial	3_DOMINO_in_CIRCLE
DOMINO_in_CIRCLE	4			best_known	4_DOMINO_in_CIRCLE
DOMINO_in_CIRCLE	5			best_known	5_DOMINO_in_CIRCLE
DOMINO_in_CIRCLE	6	1.97949	Jonathan Viquerat	trivial	6_DOMINO_in_CIRCLE
DOMINO_in_CIRCLE	7			best_known	7_DOMINO_in_CIRCLE
DOMINO_in_CIRCLE	8			best_known	8_DOMINO_in_CIRCLE
DOMINO_in_CIRCLE	9	2.51459	Jonathan Viquerat	best_known	9_DOMINO_in_CIRCLE
DOMINO_in_CIRCLE	10			best_known	10_DOMINO_in_CIRCLE
DOMINO_in_CIRCLE	11			best_known	11_DOMINO_in_CIRCLE
DOMINO_in_CIRCLE	12	2.93566	Jonathan Viquerat	best_known	12_DOMINO_in_CIRCLE
DOMINO_in_CIRCLE	13			best_known	13_DOMINO_in_CIRCLE
DOMINO_in_CIRCLE	14			best_known	14_DOMINO_in_CIRCLE
DOMINO_in_CIRCLE	15	3.27852	Jonathan Viquerat	best_known	15_DOMINO_in_CIRCLE
DOMINO_in_CIRCLE	16			best_known	16_DOMINO_in_CIRCLE
DOMINO_in_CIRCLE	17			best_known	17_DOMINO_in_CIRCLE
DOMINO_in_CIRCLE	18	3.60555	Jonathan Viquerat	best_known	18_DOMINO_in_CIRCLE
DOMINO_in_CIRCLE	19			best_known	19_DOMINO_in_CIRCLE
DOMINO_in_CIRCLE	20	3.89344	Jonathan Viquerat	best_known	20_DOMINO_in_CIRCLE
DOMINO_in_DOMINO	1			trivial	1_DOMINO_in_DOMINO
DOMINO_in_DOMINO	2			best_known	2_DOMINO_in_DOMINO
DOMINO_in_DOMINO	3			trivial	3_DOMINO_in_DOMINO
DOMINO_in_DOMINO	5			trivial	5_DOMINO_in_DOMINO
DOMINO_in_DOMINO	6			best_known	6_DOMINO_in_DOMINO
DOMINO_in_DOMINO	7			trivial	7_DOMINO_in_DOMINO
DOMINO_in_DOMINO	10			trivial	10_DOMINO_in_DOMINO
DOMINO_in_DOMINO	11			best_known	11_DOMINO_in_DOMINO
DOMINO_in_DOMINO	12			best_known	12_DOMINO_in_DOMINO
DOMINO_in_DOMINO	14			trivial	14_DOMINO_in_DOMINO
DOMINO_in_DOMINO	17			trivial	17_DOMINO_in_DOMINO
DOMINO_in_DOMINO	19			best_known	19_DOMINO_in_DOMINO
DOMINO_in_L	1			trivial	1_DOMINO_in_L
DOMINO_in_L	2			trivial	2_DOMINO_in_L
DOMINO_in_L	3			best_known	3_DOMINO_in_L
DOMINO_in_L	4			trivial	4_DOMINO_in_L
DOMINO_in_L	7			trivial	7_DOMINO_in_L
DOMINO_in_L	9			best_known	9_DOMINO_in_L
DOMINO_in_L	10			trivial	10_DOMINO_in_L
DOMINO_in_L	14			best_known	14_DOMINO_in_L
DOMINO_in_L	15			trivial	15_DOMINO_in_L
DOMINO_in_L	17			best_known	17_DOMINO_in_L
DOMINO_in_L	18			best_known	18_DOMINO_in_L
DOMINO_in_L	19			trivial	19_DOMINO_in_L
DOMINO_in_TAN	1			best_known	1_DOMINO_in_TAN
DOMINO_in_TAN	2			best_known	2_DOMINO_in_TAN
DOMINO_in_TAN	3	2.82842		trivial	3_DOMINO_in_TAN
DOMINO_in_TAN	4			best_known	4_DOMINO_in_TAN
DOMINO_in_TAN	5			best_known	5_DOMINO_in_TAN
DOMINO_in_TAN	6	4.82842	Erich Friedman	trivial	6_DOMINO_in_TAN
DOMINO_in_TAN	7			best_known	7_DOMINO_in_TAN
DOMINO_in_TAN	8			best_known	8_DOMINO_in_TAN
DOMINO_in_TAN	9	6.24264	Jonathan Viquerat	best_known	9_DOMINO_in_TAN
DOMINO_in_TAN	10			best_known	10_DOMINO_in_TAN
DOMINO_in_TAN	11			best_known	11_DOMINO_in_TAN
DOMINO_in_TAN	12	7.07106	Jonathan Viquerat	trivial	12_DOMINO_in_TAN
DOMINO_in_TAN	13			best_known	13_DOMINO_in_TAN
DOMINO_in_TAN	14			best_known	14_DOMINO_in_TAN
DOMINO_in_TAN	15	8.0	Erich Friedman	trivial	15_DOMINO_in_TAN
DOMINO_in_TAN	16			best_known	16_DOMINO_in_TAN
DOMINO_in_TAN	17			best_known	17_DOMINO_in_TAN
DOMINO_in_TAN	18	8.82842	Erich Friedman	best_known	18_DOMINO_in_TAN
DOMINO_in_TAN	19			best_known	19_DOMINO_in_TAN
DOMINO_in_TAN	20	9.48528	Maurizio Morandi	best_known	20_DOMINO_in_TAN
L_in_3	1			best_known	1_L_in_3
L_in_3	2			best_known	2_L_in_3
L_in_3	3	3.64492	Jonathan Viquerat	trivial	3_L_in_3
L_in_3	4			best_known	4_L_in_3
L_in_3	5			best_known	5_L_in_3
L_in_3	6	6.58646	Jonathan Viquerat	best_known	6_L_in_3
L_in_3	7			best_known	7_L_in_3
L_in_3	8			best_known	8_L_in_3
L_in_3	9	8.15469	Jonathan Viquerat	best_known	9_L_in_3
L_in_3	10			best_known	10_L_in_3
L_in_3	11			best_known	11_L_in_3
L_in_3	12	9.4641	Maurizio Morandi	best_known	12_L_in_3
L_in_3	13			best_known	13_L_in_3
L_in_3	14			best_known	14_L_in_3
L_in_3	15	10.73205	Maurizio Morandi	best_known	15_L_in_3
L_in_3	16			best_known	16_L_in_3
L_in_3	17			best_known	17_L_in_3
L_in_3	18	11.73205	Maurizio Morandi	best_known	18_L_in_3
L_in_3	19			best_known	19_L_in_3
L_in_3	20			best_known	20_L_in_3
L_in_3	21	12.73205	Maurizio Morandi	best_known	21_L_in_3
L_in_3	22	13.547	Maurizio Morandi	best_known	22_L_in_3
L_in_4	1	2.0		trivial	1_L_in_4
L_in_4	2	3.0		trivial	2_L_in_4
L_in_4	3	3.621	Serhiy Grabarchuk	best_known	3_L_in_4
L_in_4	4	4.0		trivial	4_L_in_4
L_in_4	6	4.949	Erich Friedman	best_known	6_L_in_4
L_in_4	7	5.0		trivial	7_L_in_4
L_in_4	9	5.828	Erich Friedman	best_known	9_L_in_4
L_in_4	10	6.0		trivial	10_L_in_4
L_in_4	13	6.828	Maurizio Morandi	best_known	13_L_in_4
L_in_4	14	7.0		trivial	14_L_in_4
L_in_4	17	7.747	Maurizio Morandi	best_known	17_L_in_4
L_in_4	18	7.914	Maurizio Morandi	best_known	18_L_in_4
L_in_4	19	8.0		trivial	19_L_in_4
L_in_4	22	8.656	Maurizio Morandi	best_known	22_L_in_4
L_in_4	23	8.914	Maurizio Morandi	best_known	23_L_in_4
L_in_4	24	9.0		trivial	24_L_in_4
L_in_4	28	9.828	Maurizio Morandi	best_known	28_L_in_4
L_in_5	1	1.81089		trivial	1_L_in_5
L_in_5	2	2.33322		trivial	2_L_in_5
L_in_5	3	2.79081	Jonathan Viquerat	best_known	3_L_in_5
L_in_5	4	3.07149	Jonathan Viquerat	best_known	4_L_in_5
L_in_5	5	3.41569	Jake Loyd	best_known	5_L_in_5
L_in_5	6	3.74743	Jake Loyd	best_known	6_L_in_5
L_in_5	7	3.96756	Jake Loyd	best_known	7_L_in_5
L_in_5	8	4.25642	Jake Loyd	best_known	8_L_in_5
L_in_5	9	4.50713	Jake Loyd	best_known	9_L_in_5
L_in_5	10	4.65767	Jake Loyd	best_known	10_L_in_5
L_in_5	11	4.86103	Jake Loyd	best_known	11_L_in_5
L_in_5	12	5.07519	Jake Loyd	best_known	12_L_in_5
L_in_5	13	5.29475	Jake Loyd	best_known	13_L_in_5
L_in_5	14	5.49989	Jake Loyd	best_known	14_L_in_5
L_in_5	15	5.63035	Jake Loyd	best_known	15_L_in_5
L_in_5	16	5.77738	Jake Loyd	best_known	16_L_in_5
L_in_5	17	5.92697	Jake Loyd	best_known	17_L_in_5
L_in_5	18	6.16318	Jake Loyd	best_known	18_L_in_5
L_in_5	19	6.33939	Jake Loyd	best_known	19_L_in_5
L_in_5	20	6.45886	Jake Loyd	best_known	20_L_in_5
L_in_6	1	1.481		trivial	1_L_in_6
L_in_6	2	1.861	Maurizio Morandi	best_known	2_L_in_6
L_in_6	3	2.232	Maurizio Morandi	best_known	3_L_in_6
L_in_6	4	2.50337	Jake Loyd	best_known	4_L_in_6
L_in_6	5	2.85988	Jake Loyd	best_known	5_L_in_6
L_in_6	6	3.04254	Jake Loyd	best_known	6_L_in_6
L_in_6	7	3.25359	Jake Loyd	best_known	7_L_in_6
L_in_6	8	3.464		trivial	8_L_in_6
L_in_6	9	3.65374	Jake Loyd	best_known	9_L_in_6
L_in_6	10	3.80531	Jake Loyd	best_known	10_L_in_6
L_in_6	11	4.041		trivial	11_L_in_6
L_in_6	12	4.15868	Jake Loyd	best_known	12_L_in_6
L_in_6	13	4.33273	Jake Loyd	best_known	13_L_in_6
L_in_6	14	4.46716	Jake Loyd	best_known	14_L_in_6
L_in_6	15	4.6188		trivial	15_L_in_6
L_in_6	16	4.73205	Maurizio Morandi	best_known	16_L_in_6
L_in_8	1			best_known	1_L_in_8
L_in_8	2			best_known	2_L_in_8
L_in_8	3	1.08239	Jonathan Viquerat	trivial	3_L_in_8
L_in_8	4			best_known	4_L_in_8
L_in_8	5			best_known	5_L_in_8
L_in_8	6	1.75736	Jonathan Viquerat	best_known	6_L_in_8
L_in_8	7			best_known	7_L_in_8
L_in_8	8			best_known	8_L_in_8
L_in_8	9	2.34314	Maurizio Morandi	best_known	9_L_in_8
L_in_8	10			best_known	10_L_in_8
L_in_8	11			best_known	11_L_in_8
L_in_8	12	2.73879	Maurizio Morandi	best_known	12_L_in_8
L_in_8	13			best_known	13_L_in_8
L_in_8	14			best_known	14_L_in_8
L_in_8	15	3.15432	Maurizio Morandi	best_known	15_L_in_8
L_in_8	16			best_known	16_L_in_8
L_in_8	17			best_known	17_L_in_8
L_in_8	18	3.43145	Maurizio Morandi	best_known	18_L_in_8
L_in_8	19			best_known	19_L_in_8
L_in_8	20	3.72792	Maurizio Morandi	best_known	20_L_in_8
L_in_CIRCLE	1			best_known	1_L_in_CIRCLE
L_in_CIRCLE	2			best_known	2_L_in_CIRCLE
L_in_CIRCLE	3	1.414	David W. Cantrell	trivial	3_L_in_CIRCLE
L_in_CIRCLE	4			best_known	4_L_in_CIRCLE
L_in_CIRCLE	5			best_known	5_L_in_CIRCLE
L_in_CIRCLE	6	2.236	Erich Friedman	best_known	6_L_in_CIRCLE
L_in_CIRCLE	7			best_known	7_L_in_CIRCLE
L_in_CIRCLE	8			best_known	8_L_in_CIRCLE
L_in_CIRCLE	9	2.915	Erich Friedman	best_known	9_L_in_CIRCLE
L_in_CIRCLE	10			best_known	10_L_in_CIRCLE
L_in_CIRCLE	11			best_known	11_L_in_CIRCLE
L_in_CIRCLE	12	3.49	Maurizio Morandi	best_known	12_L_in_CIRCLE
L_in_CIRCLE	13			best_known	13_L_in_CIRCLE
L_in_CIRCLE	14			best_known	14_L_in_CIRCLE
L_in_CIRCLE	15	3.94961	Jake Loyd	best_known	15_L_in_CIRCLE
L_in_CIRCLE	16			best_known	16_L_in_CIRCLE
L_in_CIRCLE	17			best_known	17_L_in_CIRCLE
L_in_CIRCLE	18	4.301	Maurizio Morandi	best_known	18_L_in_CIRCLE
L_in_CIRCLE	19			best_known	19_L_in_CIRCLE
L_in_CIRCLE	20	4.70546	Jake Loyd	best_known	20_L_in_CIRCLE
L_in_DOMINO	1			trivial	1_L_in_DOMINO
L_in_DOMINO	3			trivial	3_L_in_DOMINO
L_in_DOMINO	4			best_known	4_L_in_DOMINO
L_in_DOMINO	5			trivial	5_L_in_DOMINO
L_in_DOMINO	7			best_known	7_L_in_DOMINO
L_in_DOMINO	8			trivial	8_L_in_DOMINO
L_in_DOMINO	11			best_known	11_L_in_DOMINO
L_in_DOMINO	12			trivial	12_L_in_DOMINO
L_in_DOMINO	13			best_known	13_L_in_DOMINO
L_in_DOMINO	14			trivial	14_L_in_DOMINO
L_in_DOMINO	17			best_known	17_L_in_DOMINO
L_in_DOMINO	18			trivial	18_L_in_DOMINO
L_in_DOMINO	19			best_known	19_L_in_DOMINO
L_in_DOMINO	20			trivial	20_L_in_DOMINO
L_in_L	1			best_known	1_L_in_L
L_in_L	2			best_known	2_L_in_L
L_in_L	5	1.0		trivial	5_L_in_L
L_in_L	6			best_known	6_L_in_L
L_in_L	7			best_known	7_L_in_L
L_in_L	10	2.885	Maurizio Morandi	trivial	10_L_in_L
L_in_L	11			best_known	11_L_in_L
L_in_L	12			best_known	12_L_in_L
L_in_L	13	3.747	Maurizio Morandi	trivial	13_L_in_L
L_in_L	19			best_known	19_L_in_L
L_in_L	20	4.5	Maurizio Morandi	trivial	20_L_in_L
L_in_TAN	1			best_known	1_L_in_TAN
L_in_TAN	2			best_known	2_L_in_TAN
L_in_TAN	3	3.0		trivial	3_L_in_TAN
L_in_TAN	4			best_known	4_L_in_TAN
L_in_TAN	5			best_known	5_L_in_TAN
L_in_TAN	6	5.656	Maurizio Morandi	trivial	6_L_in_TAN
L_in_TAN	8			best_known	8_L_in_TAN
L_in_TAN	9			best_known	9_L_in_TAN
L_in_TAN	10	7.778		trivial	10_L_in_TAN
L_in_TAN	11			best_known	11_L_in_TAN
L_in_TAN	13			best_known	13_L_in_TAN
L_in_TAN	14	9.0	Maurizio Morandi	trivial	14_L_in_TAN
L_in_TAN	15			best_known	15_L_in_TAN
L_in_TAN	16			best_known	16_L_in_TAN
L_in_TAN	17	10.0	Maurizio Morandi	trivial	17_L_in_TAN
L_in_TAN	18			best_known	18_L_in_TAN
L_in_TAN	19			best_known	19_L_in_TAN
L_in_TAN	20	11.0	Maurizio Morandi	trivial	20_L_in_TAN
L_in_TAN	21	12.0		trivial	21_L_in_TAN
TAN_in_3	1			trivial	1_TAN_in_3
TAN_in_3	2			trivial	2_TAN_in_3
TAN_in_3	3			trivial	3_TAN_in_3
TAN_in_3	4		Jonathan Viquerat	best_known	4_TAN_in_3
TAN_in_3	5		Jonathan Viquerat	best_known	5_TAN_in_3
TAN_in_3	6		Jonathan Viquerat	best_known	6_TAN_in_3
TAN_in_3	7		Jonathan Loyd	best_known	7_TAN_in_3
TAN_in_3	8		Jonathan Viquerat	best_known	8_TAN_in_3
TAN_in_3	9		Jonathan Loyd	best_known	9_TAN_in_3
TAN_in_3	10		Thomas Greenleaf	best_known	10_TAN_in_3
TAN_in_3	11		Jonathan Loyd	best_known	11_TAN_in_3
TAN_in_3	12		Jonathan Loyd	best_known	12_TAN_in_3
TAN_in_3	13		Jonathan Loyd	best_known	13_TAN_in_3
TAN_in_3	14		Jonathan Loyd	best_known	14_TAN_in_3
TAN_in_3	15		Jonathan Loyd	best_known	15_TAN_in_3
TAN_in_3	16		Jonathan Loyd	best_known	16_TAN_in_3
TAN_in_3	17		Jonathan Loyd	best_known	17_TAN_in_3
TAN_in_3	18		Jonathan Loyd	best_known	18_TAN_in_3
TAN_in_3	19		Thomas Greenleaf	best_known	19_TAN_in_3
TAN_in_3	20		Thomas Greenleaf	best_known	20_TAN_in_3
TAN_in_3	21		Jonathan Loyd	best_known	21_TAN_in_3
TAN_in_3	22		Jonathan Loyd	best_known	22_TAN_in_3
TAN_in_4	1			best_known	1_TAN_in_4
TAN_in_4	2			best_known	2_TAN_in_4
TAN_in_4	3	1.0		trivial	3_TAN_in_4
TAN_in_4	4			best_known	4_TAN_in_4
TAN_in_4	5			best_known	5_TAN_in_4
TAN_in_4	6	1.414	Maurizio Morandi	trivial	6_TAN_in_4
TAN_in_4	7			best_known	7_TAN_in_4
TAN_in_4	8			best_known	8_TAN_in_4
TAN_in_4	9	1.999	Maurizio Morandi	trivial	9_TAN_in_4
TAN_in_4	10			best_known	10_TAN_in_4
TAN_in_4	11			best_known	11_TAN_in_4
TAN_in_4	12	2.393	Maurizio Morandi	best_known	12_TAN_in_4
TAN_in_4	13			best_known	13_TAN_in_4
TAN_in_4	14			best_known	14_TAN_in_4
TAN_in_4	15	2.688	Maurizio Morandi	best_known	15_TAN_in_4
TAN_in_4	16			best_known	16_TAN_in_4
TAN_in_4	17			best_known	17_TAN_in_4
TAN_in_4	18	2.828	David W. Cantrell	trivial	18_TAN_in_4
TAN_in_4	19			best_known	19_TAN_in_4
TAN_in_4	20			best_known	20_TAN_in_4
TAN_in_4	21	3.201	Maurizio Morandi	best_known	21_TAN_in_4
TAN_in_4	22			best_known	22_TAN_in_4
TAN_in_4	23			best_known	23_TAN_in_4
TAN_in_4	24	3.392	Maurizio Morandi	best_known	24_TAN_in_4
TAN_in_5	1			best_known	1_TAN_in_5
TAN_in_5	2			best_known	2_TAN_in_5
TAN_in_5	3	0.87403	Jonathan Viquerat	trivial	3_TAN_in_5
TAN_in_5	4			best_known	4_TAN_in_5
TAN_in_5	5			best_known	5_TAN_in_5
TAN_in_5	6	1.28056	Jonathan Viquerat	best_known	6_TAN_in_5
TAN_in_5	7			best_known	7_TAN_in_5
TAN_in_5	8			best_known	8_TAN_in_5
TAN_in_5	9	1.62694	Jonathan Viquerat	best_known	9_TAN_in_5
TAN_in_5	10			best_known	10_TAN_in_5
TAN_in_5	11			best_known	11_TAN_in_5
TAN_in_5	12	1.87393	Thomas Greenleaf	best_known	12_TAN_in_5
TAN_in_5	13			best_known	13_TAN_in_5
TAN_in_5	14			best_known	14_TAN_in_5
TAN_in_5	15	2.10941	Jake Loyd	best_known	15_TAN_in_5
TAN_in_5	16			best_known	16_TAN_in_5
TAN_in_5	17			best_known	17_TAN_in_5
TAN_in_5	18	2.32695	Jake Loyd	best_known	18_TAN_in_5
TAN_in_5	19			best_known	19_TAN_in_5
TAN_in_5	20			best_known	20_TAN_in_5
TAN_in_5	21	2.53585	Jake Loyd	best_known	21_TAN_in_5
TAN_in_5	22	2.71124	Jake Loyd	best_known	22_TAN_in_5
TAN_in_6	1			trivial	1_TAN_in_6
TAN_in_6	2		Jonathan Viquerat	best_known	2_TAN_in_6
TAN_in_6	3		Jonathan Viquerat	best_known	3_TAN_in_6
TAN_in_6	4		Jonathan Viquerat	best_known	4_TAN_in_6
TAN_in_6	5		Jonathan Viquerat	best_known	5_TAN_in_6
TAN_in_6	6		Jonathan Viquerat	best_known	6_TAN_in_6
TAN_in_6	7		Thomas Greenleaf	best_known	7_TAN_in_6
TAN_in_6	8		Thomas Greenleaf	best_known	8_TAN_in_6
TAN_in_6	9		Thomas Greenleaf	best_known	9_TAN_in_6
TAN_in_6	10		Thomas Greenleaf	best_known	10_TAN_in_6
TAN_in_6	11		Jake Loyd	best_known	11_TAN_in_6
TAN_in_6	12		Jake Loyd	best_known	12_TAN_in_6
TAN_in_6	13		Jake Loyd	best_known	13_TAN_in_6
TAN_in_6	14		Jake Loyd	best_known	14_TAN_in_6
TAN_in_6	15		Jake Loyd	best_known	15_TAN_in_6
TAN_in_6	16		Jake Loyd	best_known	16_TAN_in_6
TAN_in_6	17		Jake Loyd	best_known	17_TAN_in_6
TAN_in_6	18		Jake Loyd	best_known	18_TAN_in_6
TAN_in_6	19		Jake Loyd	best_known	19_TAN_in_6
TAN_in_6	20		Jake Loyd	best_known	20_TAN_in_6
TAN_in_6	21		Jake Loyd	best_known	21_TAN_in_6
TAN_in_6	22		Jake Loyd	best_known	22_TAN_in_6
TAN_in_8	1			trivial	1_TAN_in_8
TAN_in_8	3		Thomas Greenleaf	best_known	3_TAN_in_8
TAN_in_8	4		Thomas Greenleaf	best_known	4_TAN_in_8
TAN_in_8	5		Thomas Greenleaf	best_known	5_TAN_in_8
TAN_in_8	6		Thomas Greenleaf	best_known	6_TAN_in_8
TAN_in_8	7		Thomas Greenleaf	best_known	7_TAN_in_8
TAN_in_8	8			trivial	8_TAN_in_8
TAN_in_8	9		Jake Loyd	best_known	9_TAN_in_8
TAN_in_8	10		Jake Loyd	best_known	10_TAN_in_8
TAN_in_8	11		Jake Loyd	best_known	11_TAN_in_8
TAN_in_8	12		Thomas Greenleaf	best_known	12_TAN_in_8
TAN_in_8	13		Jake Loyd	best_known	13_TAN_in_8
TAN_in_8	14		Maurizio Morandi	best_known	14_TAN_in_8
TAN_in_8	15		Jake Loyd	best_known	15_TAN_in_8
TAN_in_8	16		Jake Loyd	best_known	16_TAN_in_8
TAN_in_8	17		Jake Loyd	best_known	17_TAN_in_8
TAN_in_8	18		Jake Loyd	best_known	18_TAN_in_8
TAN_in_8	19		Jake Loyd	best_known	19_TAN_in_8
TAN_in_8	20		Jake Loyd	best_known	20_TAN_in_8
TAN_in_CIRCLE	1			best_known	1_TAN_in_CIRCLE
TAN_in_CIRCLE	2			best_known	2_TAN_in_CIRCLE
TAN_in_CIRCLE	3	0.707	Serhiy Grabarchuk	trivial	3_TAN_in_CIRCLE
TAN_in_CIRCLE	4			best_known	4_TAN_in_CIRCLE
TAN_in_CIRCLE	5			best_known	5_TAN_in_CIRCLE
TAN_in_CIRCLE	6	1.0	Maurizio Morandi	trivial	6_TAN_in_CIRCLE
TAN_in_CIRCLE	7			best_known	7_TAN_in_CIRCLE
TAN_in_CIRCLE	8			best_known	8_TAN_in_CIRCLE
TAN_in_CIRCLE	9	1.26287	Jake Loyd	best_known	9_TAN_in_CIRCLE
TAN_in_CIRCLE	10			best_known	10_TAN_in_CIRCLE
TAN_in_CIRCLE	11			best_known	11_TAN_in_CIRCLE
TAN_in_CIRCLE	12	1.4223	Thomas Greenleaf	best_known	12_TAN_in_CIRCLE
TAN_in_CIRCLE	13			best_known	13_TAN_in_CIRCLE
TAN_in_CIRCLE	14			best_known	14_TAN_in_CIRCLE
TAN_in_CIRCLE	15	1.55348	Jake Loyd	best_known	15_TAN_in_CIRCLE
TAN_in_CIRCLE	16			best_known	16_TAN_in_CIRCLE
TAN_in_CIRCLE	17			best_known	17_TAN_in_CIRCLE
TAN_in_CIRCLE	18	1.7418	Jake Loyd	best_known	18_TAN_in_CIRCLE
TAN_in_CIRCLE	19			best_known	19_TAN_in_CIRCLE
TAN_in_CIRCLE	20	1.88814	Jake Loyd	best_known	20_TAN_in_CIRCLE
TAN_in_DOMINO	1			trivial	1_TAN_in_DOMINO
TAN_in_DOMINO	2			best_known	2_TAN_in_DOMINO
TAN_in_DOMINO	3			best_known	3_TAN_in_DOMINO
TAN_in_DOMINO	4			trivial	4_TAN_in_DOMINO
TAN_in_DOMINO	5			best_known	5_TAN_in_DOMINO
TAN_in_DOMINO	6			best_known	6_TAN_in_DOMINO
TAN_in_DOMINO	7			trivial	7_TAN_in_DOMINO
TAN_in_DOMINO	9			best_known	9_TAN_in_DOMINO
TAN_in_DOMINO	10			best_known	10_TAN_in_DOMINO
TAN_in_DOMINO	11			best_known	11_TAN_in_DOMINO
TAN_in_DOMINO	12			best_known	12_TAN_in_DOMINO
TAN_in_DOMINO	13			best_known	13_TAN_in_DOMINO
TAN_in_DOMINO	14			best_known	14_TAN_in_DOMINO
TAN_in_DOMINO	15			trivial	15_TAN_in_DOMINO
TAN_in_DOMINO	17			best_known	17_TAN_in_DOMINO
TAN_in_DOMINO	18			best_known	18_TAN_in_DOMINO
TAN_in_L	1			best_known	1_TAN_in_L
TAN_in_L	2			best_known	2_TAN_in_L
TAN_in_L	3	2.0	Erich Friedman	trivial	3_TAN_in_L
TAN_in_L	4			best_known	4_TAN_in_L
TAN_in_L	5			best_known	5_TAN_in_L
TAN_in_L	7	0.965	Maurizio Morandi	trivial	7_TAN_in_L
TAN_in_L	8			best_known	8_TAN_in_L
TAN_in_L	9			best_known	9_TAN_in_L
TAN_in_L	10	1.276	Maurizio Morandi	best_known	10_TAN_in_L
TAN_in_L	11			best_known	11_TAN_in_L
TAN_in_L	13			best_known	13_TAN_in_L
TAN_in_L	14	1.414	Maurizio Morandi	trivial	14_TAN_in_L
TAN_in_L	15			best_known	15_TAN_in_L
TAN_in_L	16			best_known	16_TAN_in_L
TAN_in_L	17	1.68	Maurizio Morandi	best_known	17_TAN_in_L
TAN_in_TAN	1			best_known	1_TAN_in_TAN
TAN_in_TAN	2			best_known	2_TAN_in_TAN
TAN_in_TAN	3	1.0	Ed Pegg	trivial	3_TAN_in_TAN
TAN_in_TAN	4			best_known	4_TAN_in_TAN
TAN_in_TAN	5			best_known	5_TAN_in_TAN
TAN_in_TAN	6	2.0	David W. Cantrell	trivial	6_TAN_in_TAN
TAN_in_TAN	7			best_known	7_TAN_in_TAN
TAN_in_TAN	8			best_known	8_TAN_in_TAN
TAN_in_TAN	9	2.824	Maurizio Morandi	trivial	9_TAN_in_TAN
TAN_in_TAN	10			best_known	10_TAN_in_TAN
TAN_in_TAN	11			best_known	11_TAN_in_TAN
TAN_in_TAN	12	3.307	Maurizio Morandi	best_known	12_TAN_in_TAN
TAN_in_TAN	13			best_known	13_TAN_in_TAN
TAN_in_TAN	14			best_known	14_TAN_in_TAN
TAN_in_TAN	15	3.707	Erich Friedman	best_known	15_TAN_in_TAN
TAN_in_TAN	16			best_known	16_TAN_in_TAN
TAN_in_TAN	17			best_known	17_TAN_in_TAN
TAN_in_TAN	18	4.0	Maurizio Morandi	trivial	18_TAN_in_TAN
TAN_in_TAN	19			best_known	19_TAN_in_TAN
TAN_in_TAN	20			best_known	20_TAN_in_TAN
TAN_in_TAN	21	4.413	David W. Cantrell	best_known	21_TAN_in_TAN
TAN_in_TAN	22			best_known	22_TAN_in_TAN
TAN_in_TAN	23			best_known	23_TAN_in_TAN
TAN_in_TAN	24	4.767	Maurizio Morandi	best_known	24_TAN_in_TAN
TAN_in_TAN	25			best_known	25_TAN_in_TAN
TAN_in_TAN	26			best_known	26_TAN_in_TAN
TAN_in_TAN	27	5.0	Maurizio Morandi	trivial	27_TAN_in_TAN
cirRcir	1			best_known	
cirRcir	2			best_known	
cirRcir	3	1.0		trivial	
cirRcir	4			best_known	
cirRcir	5			best_known	
cirRcir	6	1.666	Veit Elser	best_known	
cirRcir	7			best_known	
cirRcir	8			best_known	
cirRcir	9	2.333	Veit Elser	best_known	
cirRcir	10			best_known	
cirRcir	11			best_known	
cirRcir	12	2.783	David W. Cantrell	best_known	
cirRcir	13			best_known	
cirRcir	14			best_known	
cirRcir	15	3.227	David W. Cantrell	best_known	
cirRcir	16			best_known	
cirRcir	17			best_known	
cirRcir	18	3.611	David W. Cantrell	best_known	
cirRcir	19			best_known	
cirRcir	20			best_known	
cirRcir	21	3.981	David W. Cantrell	best_known	
cirRcir	22			best_known	
cirRcir	23			best_known	
cirRcir	24	4.287	David W. Cantrell	best_known	
cirRcir	25			best_known	
cirRcir	26			best_known	
cirRcir	27	4.564	David W. Cantrell	best_known	
cirRcir	28			best_known	
cirRcir	29			best_known	
cirRcir	30	4.849	David W. Cantrell	best_known	
cirRcir	31			best_known	
cirRcir	32	5.104	David W. Cantrell	best_known	
cirRell	1			best_known	
cirRell	2			best_known	
cirRell	3	1.0	David W. Cantrell	best_known	
cirRell	4			best_known	
cirRell	5			best_known	
cirRell	6	1.684	David W. Cantrell	best_known	
cirRell	7			best_known	
cirRell	8			best_known	
cirRell	9	2.333	Veit Elser	best_known	
cirRell	10			best_known	
cirRell	11			best_known	
cirRell	12	2.809	David W. Cantrell	best_known	
cirRell	13			best_known	
cirRell	14			best_known	
cirRell	15	3.231	David W. Cantrell	best_known	
cirRell	16			best_known	
cirRell	17			best_known	
cirRell	18	3.231	David W. Cantrell	best_known	
cirRell	19			best_known	
cirRell	20			best_known	
cirRell	21	3.981	David W. Cantrell	best_known	
cirRell	22			best_known	
cirRell	23			best_known	
cirRell	24	4.287	David W. Cantrell	best_known	
cirRell	25			best_known	
cirRell	26			best_known	
cirRell	27	4.57	David W. Cantrell	best_known	
cirRell	28			best_known	
cirRell	29			best_known	
cirRell	30	4.849	David W. Cantrell	best_known	
cirRell	31			best_known	
cirRell	32	5.105	David W. Cantrell	best_known	
cirRrec	1			best_known	
cirRrec	2			best_known	
cirRrec	3	0.5	David W. Cantrell	trivial	
cirRrec	4			best_known	
cirRrec	5			best_known	
cirRrec	6	1.006	David W. Cantrell	best_known	
cirRrec	7			best_known	
cirRrec	8			best_known	
cirRrec	9	1.324	David W. Cantrell	best_known	
cirRrec	10			best_known	
cirRrec	11			best_known	
cirRrec	12	1.61	David W. Cantrell	best_known	
cirRrec	13			best_known	
cirRrec	14			best_known	
cirRrec	15	1.835	David W. Cantrell	best_known	
cirRrec	16			best_known	
cirRrec	17			best_known	
cirRrec	18	2.059	David W. Cantrell	best_known	
cirRrec	19			best_known	
cirRrec	20			best_known	
cirRrec	21	2.241	David W. Cantrell	best_known	
cirRrec	22			best_known	
cirRrec	23			best_known	
cirRrec	24	2.425	David W. Cantrell	best_known	
cirRrec	25			best_known	
cirRrec	26			best_known	
cirRrec	27	2.592	David W. Cantrell	best_known	
cirRrec	28			best_known	
cirRrec	29			best_known	
cirRrec	30	2.74	David W. Cantrell	best_known	
cirRsqu	1			best_known	
cirRsqu	2			best_known	
cirRsqu	3	0.5	David W. Cantrell	trivial	
cirRsqu	4			best_known	
cirRsqu	5			best_known	
cirRsqu	6	1.006	David W. Cantrell	best_known	
cirRsqu	7			best_known	
cirRsqu	8			best_known	
cirRsqu	9	1.306	David W. Cantrell	best_known	
cirRsqu	10			best_known	
cirRsqu	11			best_known	
cirRsqu	12	1.591	David W. Cantrell	best_known	
cirRsqu	13			best_known	
cirRsqu	14			best_known	
cirRsqu	15	1.829	David W. Cantrell	best_known	
cirRsqu	16			best_known	
cirRsqu	17			best_known	
cirRsqu	18	2.053	David W. Cantrell	best_known	
cirRsqu	19			best_known	
cirRsqu	20			best_known	
cirRsqu	21	2.236	David W. Cantrell	best_known	
cirRsqu	22			best_known	
cirRsqu	23			best_known	
cirRsqu	24	2.42	David W. Cantrell	best_known	
cirRsqu	25			best_known	
cirRsqu	26			best_known	
cirRsqu	27	2.587	David W. Cantrell	best_known	
cirRsqu	28			best_known	
cirRsqu	29			best_known	
cirRsqu	30	2.737	David W. Cantrell	best_known	
cirRsqu	31			best_known	
cirRsqu	32	2.889	David W. Cantrell	best_known	
cirRtri	1			best_known	
cirRtri	2			best_known	
cirRtri	3	0.288		trivial	
cirRtri	4			best_known	
cirRtri	5			best_known	
cirRtri	6	0.617	David W. Cantrell	trivial	
cirRtri	7			best_known	
cirRtri	8			best_known	
cirRtri	9	0.855	David W. Cantrell	best_known	
cirRtri	10			best_known	
cirRtri	11			best_known	
cirRtri	12	1.056	David W. Cantrell	trivial	
cirRtri	13			best_known	
cirRtri	14			best_known	
cirRtri	15	1.191	David W. Cantrell	trivial	
cirRtri	16			best_known	
cirRtri	17			best_known	
cirRtri	18	1.343	David W. Cantrell	best_known	
cirRtri	19			best_known	
cirRtri	20			best_known	
cirRtri	21	1.462	David W. Cantrell	trivial	
cirRtri	22			best_known	
cirRtri	23			best_known	
cirRtri	24	1.589	David W. Cantrell	best_known	
cirRtri	25			best_known	
cirRtri	26			best_known	
cirRtri	27	1.69	David W. Cantrell	best_known	
circovsqu	1			best_known	
circovsqu	2			best_known	
circovsqu	3	1.414		trivial	
circovsqu	4			best_known	
circovsqu	5			best_known	
circovsqu	6	2.828	Hans Melissen	proved_optimal	
circovsqu	7			best_known	
circovsqu	8			best_known	
circovsqu	9	3.645	Hans Melissen	proved_optimal	
circovsqu	10			best_known	
circovsqu	11			best_known	
circovsqu	12	4.582	T. Tarnai	best_known	
circovtri	1			best_known	
circovtri	2			best_known	
circovtri	3	1.732		trivial	
circovtri	4			best_known	
circovtri	5			best_known	
circovtri	6	3.732		proved_optimal	
circovtri	7			best_known	
circovtri	8			best_known	
circovtri	9	5.398	P. Schuur	proved_optimal	
cirincir	1			best_known	
cirincir	2			best_known	
cirincir	3	1.0		trivial	
cirincir	4			best_known	
cirincir	5			best_known	
cirincir	6	2.414		trivial	
cirincir	7			best_known	
cirincir	8			best_known	
cirincir	9	3.0		proved_optimal	
cirincir	10			best_known	
cirincir	11			best_known	
cirincir	12	3.813		proved_optimal	
cirincir	13			best_known	
cirincir	14			best_known	
cirincir	15	4.236	Goldberg in 1971. <TD><td align=center><font size=+1>r = 4.521+	proved_optimal	
cirincir	16			best_known	
cirincir	17			best_known	
cirincir	18	4.615	Goldberg in 1971. <TD><td align=center><font size=+1>r = 4.792+	best_known	
cirincir	19			best_known	
cirincir	20	4.863		proved_optimal	
cirinel	1			best_known	
cirinel	2			best_known	
cirinel	3	1.0	James Buddenhagen	trivial	
cirinel	4			best_known	
cirinel	5			best_known	
cirinel	6	2.0	David W. Cantrell	best_known	
cirinel	7			best_known	
cirinel	8			best_known	
cirinel	9	3.0	David W. Cantrell	best_known	
cirinel	10			best_known	
cirinel	11			best_known	
cirinel	12	3.115	David W. Cantrell	best_known	
cirinel	13			best_known	
cirinel	14			best_known	
cirinel	15	3.291	David W. Cantrell	best_known	
cirinel	16			best_known	
cirinel	17			best_known	
cirinel	18	2.847	David W. Cantrell	best_known	
cirinel	19			best_known	
cirinel	20			best_known	
cirinel	21	6.0	David W. Cantrell	best_known	
cirinel	22			best_known	
cirinel	23			best_known	
cirinel	24	4.146	David W. Cantrell	best_known	
cirinhex	1			best_known	
cirinhex	2			best_known	
cirinhex	3	1.154		trivial	
cirinhex	4			best_known	
cirinhex	5			best_known	
cirinhex	6	2.666	Shahriar Manzoor	trivial	
cirinhex	7			best_known	
cirinhex	8			best_known	
cirinhex	9	3.154	David W. Cantrell	trivial	
cirinhex	10			best_known	
cirinhex	11			best_known	
cirinhex	12	4.119	David W. Cantrell	best_known	
cirinhex	13			best_known	
cirinhex	14			best_known	
cirinhex	15	4.618	Erich Friedman	best_known	
cirinhex	16			best_known	
cirinhex	17			best_known	
cirinhex	18	4.999	David W. Cantrell	trivial	
cirinhex	19			best_known	
cirinhex	20			best_known	
cirinhex	21	5.154	David W. Cantrell	trivial	
cirinhex	22			best_known	
cirinhex	23			best_known	
cirinhex	24	5.952	David W. Cantrell	best_known	
cirinl	1			best_known	
cirinl	4	3.414	Erich Friedman	trivial	
cirinl	5			best_known	
cirinl	6			best_known	
cirinl	7	5.78	David W. Cantrell	best_known	
cirinl	8			best_known	
cirinl	9			best_known	
cirinl	10	7.116	Erich Friedman	best_known	
cirinl	11			best_known	
cirinl	12			best_known	
cirinl	13	7.863	David W. Cantrell	trivial	
cirinl	14			best_known	
cirinl	15			best_known	
cirinl	16	9.085	David W. Cantrell	best_known	
cirinpen	1			best_known	
cirinpen	2			best_known	
cirinpen	3	1.453	George Sicherman	trivial	
cirinpen	4			best_known	
cirinpen	5			best_known	
cirinpen	6	3.314	George Sicherman	trivial	
cirinpen	7			best_known	
cirinpen	8			best_known	
cirinpen	9	4.236	George Sicherman	best_known	
cirinpen	10			best_known	
cirinpen	11			best_known	
cirinpen	12	5.095	George Sicherman	best_known	
cirinpen	13			best_known	
cirinpen	14			best_known	
cirinpen	15	5.651	George Sicherman	best_known	
cirinpen	16			best_known	
cirinpen	17			best_known	
cirinpen	18	6.129	George Sicherman	best_known	
cirinpen	19			best_known	
cirinpen	20			best_known	
cirinpen	21	6.777	David W. Cantrell	best_known	
cirinpen	22			best_known	
cirinpen	23			best_known	
cirinpen	24	7.271	David W. Cantrell	best_known	
cirinsqu	1			best_known	
cirinsqu	2			best_known	
cirinsqu	3	2.0		trivial	
cirinsqu	4			best_known	
cirinsqu	5			best_known	
cirinsqu	6	4.0		trivial	
cirinsqu	7			best_known	
cirinsqu	8			best_known	
cirinsqu	9	5.732		proved_optimal	
cirinsqu	10			best_known	
cirinsqu	11			best_known	
cirinsqu	12	6.747		proved_optimal	
cirinsqu	13			best_known	
cirinsqu	14			best_known	
cirinsqu	15	7.463		proved_optimal	
cirinsqu	16			best_known	
cirinsqu	17			best_known	
cirinsqu	18	8.0		proved_optimal	
cirinsqu	19			best_known	
cirinsqu	20			best_known	
cirinsqu	21	8.907		proved_optimal	
cirinsqu	22			best_known	
cirinsqu	23			best_known	
cirinsqu	24	9.463		proved_optimal	
cirintan	1			best_known	
cirintan	2			best_known	
cirintan	3	3.414		trivial	
cirintan	4			best_known	
cirintan	5			best_known	
cirintan	6	6.242		proved_optimal	
cirintan	7			best_known	
cirintan	8			best_known	
cirintan	9	8.181	Hans Melissen	trivial	
cirintan	10			best_known	
cirintan	11			best_known	
cirintan	12	9.414	David W. Cantrell	trivial	
cirintan	13			best_known	
cirintan	14			best_known	
cirintan	15	10.798	Hans Melissen	trivial	
cirintan	16			best_known	
cirintan	17			best_known	
cirintan	18	11.892	David W. Cantrell	best_known	
cirintan	19			best_known	
cirintan	20			best_known	
cirintan	21	12.798	David W. Cantrell	trivial	
cirintri	1			best_known	
cirintri	2			best_known	
cirintri	3	3.464		trivial	
cirintri	4			best_known	
cirintri	5			best_known	
cirintri	6	6.928		proved_optimal	
cirintri	7			best_known	
cirintri	8			best_known	
cirintri	9	8.928		proved_optimal	
cirintri	10			best_known	
cirintri	11			best_known	
cirintri	12	9.464		proved_optimal	
cirintri	13			best_known	
cirintri	14			best_known	
cirintri	15	11.406	Melissen in 1993. <TD><td align=center><font size=+1>s = 8 + 2&radic;3 = 11.464+	proved_optimal	
cirinttt	2			best_known	
cirinttt	4			best_known	
cirinttt	7	2.0	David W. Cantrell in June 2007 <TD><td align=center><font size=+1> A = 9 + 6&radic;3 = 19.392+	best_known	
cirinttt	8			best_known	
cirinttt	11			best_known	
cirinttt	12	11.27	David W. Cantrell in June 2007 <TD><td align=center><font size=+1> A = 47.003+	best_known	
cirinttt	13			best_known	
cirinttt	16			best_known	
cirinttt	17	11.922	David W. Cantrell in June 2007 <TD><td align=center><font size=+1> A = 21 + 26&radic;3 = 66.033+	best_known	
cirinttt	18			best_known	
cirinttt	19			best_known	
cirinttt	22	13.577	David W. Cantrell in June 2007 <TD><td align=center><font size=+1> A = 77.346+	best_known	
minrect	1			trivial	
minrect	2			best_known	
minrect	3			best_known	
minrect	4			best_known	
minrect	5			best_known	
minrect	6			best_known	
minrect	7			best_known	
minrect	8			best_known	
minrect	9			best_known	
minrect	10			best_known	
minrect	11			best_known	
minrect	12			best_known	
minrect	13			best_known	
minrect	14			best_known	
minrect	15			best_known	
minrect	16			best_known	
minrect	17			best_known	
minrect	18			best_known	
rigid	1			best_known	
rigid	2			best_known	
rigid	3	2.0		trivial	
rigid	4			best_known	
rigid	5			best_known	
rigid	6	4.0	Erich Friedman	trivial	
rigid	7			best_known	
rigid	8			best_known	
rigid	9	5.985	David Cantrell	best_known	
rigid	10			best_known	
rigid	11			best_known	
rigid	12	7.519	David Cantrell	best_known	
rigid	13			best_known	
rigid	14			best_known	
rigid	15	8.992	Craig Clapp	best_known	
rigid	16			best_known	
rigid	17			best_known	
rigid	18	9.177	David Cantrell	best_known	
rigid	19			best_known	
rigid	20			best_known	
rigid	21	10.348	Craig Clapp	best_known	
rigid	22			best_known	
rigid	23			best_known	
rigid	24	11.019	Craig Clapp	best_known	
squRcir	1			best_known	
squRcir	2			best_known	
squRcir	3	1.414	Erich Friedman	trivial	
squRcir	4			best_known	
squRcir	5			best_known	
squRcir	6	2.828	Erich Friedman	best_known	
squRcir	7			best_known	
squRcir	8			best_known	
squRcir	9	4.021	Erich Friedman	best_known	
squRcir	10			best_known	
squRcir	11			best_known	
squRcir	12	4.97	Erich Friedman	best_known	
squRcir	13			best_known	
squRcir	14			best_known	
squRcir	15	5.72	Maurizio Morandi	best_known	
squRcir	16			best_known	
squRcir	17			best_known	
squRcir	18	6.435	Maurizio Morandi	best_known	
squRcir	19			best_known	
squRcir	20			best_known	
squRcir	21	7.069	David W. Cantrell	best_known	
squcosqu	3			best_known	
squcosqu	7	1.618	Dudeney	best_known	
squcosqu	8			best_known	
squcosqu	13	5.828	Trevor Green	best_known	
squcosqu	14			best_known	
squcosqu	15	10.86	Michael Kearney	best_known	
squcosqu	21			best_known	
squcosqu	22	16.985	David Paterson	best_known	
squcosqu	23			best_known	
squcosqu	24	19.001	David Cantrell	best_known	
squcosqu	31			best_known	
squcosqu	32	25.527	David Paterson	best_known	
squcosqu	33			best_known	
squcosqu	34	27.988	Maurizio Morandi	best_known	
squcosqu	35			best_known	
squcosqu	43	30.247	Maurizio Morandi	best_known	
squcosqu	44			best_known	
squcosqu	45	37.47	David Paterson	best_known	
tricosqu	1			best_known	
tricosqu	2			best_known	
tricosqu	3	0.464	David Cantrell	trivial	
tricosqu	4			best_known	
tricosqu	5			best_known	
tricosqu	6	1.098	Erich Friedman	best_known	
tricosqu	7			best_known	
tricosqu	8			best_known	
tricosqu	9	1.531	Maurizio Morandi	best_known	
tricosqu	10			best_known	
tricosqu	11			best_known	
tricosqu	12	1.886	Maurizio Morandi	best_known	
tricovcir	1			best_known	
tricovcir	2			best_known	
tricovcir	3	0.288	Erich Friedman	trivial	
tricovcir	4			best_known	
tricovcir	5			best_known	
tricovcir	6	0.62	Trevor Green	trivial	
tricovcir	7			best_known	
tricovcir	8			best_known	
tricovcir	9	0.892	Maurizio Morandi	best_known	
tricovcir	10			best_known	
tricovcir	11			best_known	
tricovcir	12	1.088	David Cantrell	best_known	
tricovcir	13			best_known	
tricovcir	14			best_known	
tricovcir	15	1.254	Maurizio Morandi	best_known	
tricovcir	16			best_known	
tricovcir	17			best_known	
tricovcir	18	1.392	Maurizio Morandi	best_known	
tricovtri	1			best_known	
tricovtri	3			best_known	
tricovtri	4	1.0		trivial	
tricovtri	6			best_known	
tricovtri	7			best_known	
tricovtri	8	2.333	David Cantrell in August 2002. <TD><td align=center><font size=+1>s = 5/2 = 2.5	best_known	
tricovtri	9			best_known	
tricovtri	11			best_known	
tricovtri	12	3.0	Erich Friedman in 1999. <TD><td align=center><font size=+1>s = 10/3 = 3.333+	trivial	
tricovtri	13			best_known	
tricovtri	14			best_known	
tricovtri	15	3.5	Erich Friedman in 1999. <TD><td align=center><font size=+1>s = 11/3 = 3.666+	best_known	
